order_id,customer_id,product_id,quantity,order_date,first_name,last_name,email,state,product_name,category,price,year,month,month_name,total_sales
1,36,101,1,2024-09-28,Kim,Gill,murraylindsey@example.org,VA,Laptop,Electronics,899.99,2024,9,September,899.99
2,89,104,2,2024-06-25,Barbara,Salas,robertsjulie@example.org,VA,Chair,Furniture,129.99,2024,6,June,259.98
3,152,105,5,2024-02-19,Sherry,Delacruz,pmorris@example.org,TX,Monitor,Electronics,199.99,2024,2,February,999.95
4,5,102,4,2024-01-13,Amy,Sims,harrisleslie@example.org,TX,Phone,Electronics,699.99,2024,1,January,2799.96
5,182,105,5,2024-10-05,Bruce,Sullivan,williamsandres@example.net,TX,Monitor,Electronics,199.99,2024,10,October,999.95
6,103,105,5,2024-12-18,Donna,Cox,don19@example.com,VA,Monitor,Electronics,199.99,2024,12,December,999.95
7,70,101,2,2024-03-27,Stephanie,Harrison,ashleyvega@example.com,TX,Laptop,Electronics,899.99,2024,3,March,1799.98
8,30,103,1,2024-02-17,Gerald,Smith,anita08@example.net,FL,Desk,Furniture,299.99,2024,2,February,299.99
9,150,101,5,2024-02-16,Mary,Barker,tim65@example.net,CA,Laptop,Electronics,899.99,2024,2,February,4499.95
10,34,101,3,2024-08-15,Matthew,Gray,maldonadodaniel@example.org,NY,Laptop,Electronics,899.99,2024,8,August,2699.9700000000003
11,157,101,5,2024-09-29,Kathleen,Figueroa,raymond57@example.com,FL,Laptop,Electronics,899.99,2024,9,September,4499.95
12,26,101,3,2024-12-28,Mike,Harris,raymondflores@example.com,NY,Laptop,Electronics,899.99,2024,12,December,2699.9700000000003
13,114,102,5,2024-09-28,Jennifer,Holt,andrew80@example.org,VA,Phone,Electronics,699.99,2024,9,September,3499.95
14,60,105,3,2024-11-03,Ronald,Austin,crodriguez@example.com,TX,Monitor,Electronics,199.99,2024,11,November,599.97
15,87,102,4,2024-12-17,Shane,Schwartz,zcollins@example.org,TX,Phone,Electronics,699.99,2024,12,December,2799.96
17,177,103,5,2024-10-31,Melinda,Henry,tanyadrake@example.com,TX,Desk,Furniture,299.99,2024,10,October,1499.95
18,101,104,1,2024-08-20,Christian,Goodwin,finleychristopher@example.com,FL,Chair,Furniture,129.99,2024,8,August,129.99
20,165,103,3,2024-12-06,Susan,Ward,traceymassey@example.org,TX,Desk,Furniture,299.99,2024,12,December,899.97
21,64,103,3,2024-04-12,Tyler,Clark,howardrobert@example.org,TX,Desk,Furniture,299.99,2024,4,April,899.97
22,156,102,2,2024-12-03,Amanda,Bradley,briggstammy@example.com,CA,Phone,Electronics,699.99,2024,12,December,1399.98
23,91,102,4,2024-11-14,Richard,Woods,josephbutler@example.com,NY,Phone,Electronics,699.99,2024,11,November,2799.96
24,169,104,4,2024-09-13,Heather,Wolfe,wgraham@example.net,CA,Chair,Furniture,129.99,2024,9,September,519.96
25,135,105,2,2024-01-13,Lydia,Phillips,ashley37@example.com,CA,Monitor,Electronics,199.99,2024,1,January,399.98
26,1,103,4,2024-03-16,Erika,Ferguson,morgan43@example.net,NY,Desk,Furniture,299.99,2024,3,March,1199.96
27,37,105,1,2024-05-27,Derrick,Le,mary86@example.org,NY,Monitor,Electronics,199.99,2024,5,May,199.99
28,156,102,3,2024-02-08,Amanda,Bradley,briggstammy@example.com,CA,Phone,Electronics,699.99,2024,2,February,2099.9700000000003
29,50,105,4,2024-06-22,Scott,Simon,xedwards@example.net,CA,Monitor,Electronics,199.99,2024,6,June,799.96
30,54,102,2,2024-06-09,James,Ford,wlynch@example.net,TX,Phone,Electronics,699.99,2024,6,June,1399.98
31,33,103,5,2024-09-01,Lisa,Bautista,probinson@example.net,NY,Desk,Furniture,299.99,2024,9,September,1499.95
32,30,103,3,2024-08-08,Gerald,Smith,anita08@example.net,FL,Desk,Furniture,299.99,2024,8,August,899.97
33,178,105,4,2024-01-11,Thomas,Murphy,joshua54@example.com,NY,Monitor,Electronics,199.99,2024,1,January,799.96
34,140,102,2,2024-04-01,Lisa,Ross,matthewsashley@example.org,CA,Phone,Electronics,699.99,2024,4,April,1399.98
35,12,103,3,2024-11-24,Angela,Thompson,raymond07@example.org,TX,Desk,Furniture,299.99,2024,11,November,899.97
36,160,102,5,2024-08-28,Tammy,Gregory,jenkinsjason@example.org,FL,Phone,Electronics,699.99,2024,8,August,3499.95
37,49,102,4,2024-12-15,Glenn,Williams,chall@example.com,CA,Phone,Electronics,699.99,2024,12,December,2799.96
39,73,103,5,2024-10-28,Brandon,Ewing,fallen@example.net,CA,Desk,Furniture,299.99,2024,10,October,1499.95
41,33,105,2,2024-03-04,Lisa,Bautista,probinson@example.net,NY,Monitor,Electronics,199.99,2024,3,March,399.98
42,175,103,2,2024-02-28,Jack,Thomas,petersonnicole@example.org,TX,Desk,Furniture,299.99,2024,2,February,599.98
43,76,105,5,2024-05-25,Charles,Perez,fgarcia@example.com,VA,Monitor,Electronics,199.99,2024,5,May,999.95
44,189,103,1,2024-04-24,Diane,Lewis,pmarquez@example.net,FL,Desk,Furniture,299.99,2024,4,April,299.99
46,104,105,4,2024-05-16,Nancy,Buckley,yfisher@example.org,NY,Monitor,Electronics,199.99,2024,5,May,799.96
47,180,103,1,2024-11-14,Charles,Bonilla,janice57@example.com,TX,Desk,Furniture,299.99,2024,11,November,299.99
48,121,102,5,2024-04-10,Laura,Hernandez,barbaramaynard@example.net,CA,Phone,Electronics,699.99,2024,4,April,3499.95
49,52,102,4,2024-06-20,Ashley,Preston,lauren62@example.org,FL,Phone,Electronics,699.99,2024,6,June,2799.96
51,57,102,5,2024-04-18,Brenda,Cochran,wchristensen@example.net,FL,Phone,Electronics,699.99,2024,4,April,3499.95
53,117,103,1,2024-04-24,Hannah,Myers,simonstephanie@example.net,FL,Desk,Furniture,299.99,2024,4,April,299.99
54,59,103,3,2024-11-12,Anthony,Jones,lbartlett@example.net,FL,Desk,Furniture,299.99,2024,11,November,899.97
55,170,104,4,2024-12-31,Scott,Higgins,ypope@example.net,VA,Chair,Furniture,129.99,2024,12,December,519.96
56,40,105,2,2024-03-08,Tanner,Richardson,colleen76@example.org,NY,Monitor,Electronics,199.99,2024,3,March,399.98
57,120,104,3,2024-10-31,Brian,Parker,anthonycole@example.com,FL,Chair,Furniture,129.99,2024,10,October,389.97
58,125,101,4,2024-11-06,Gabriella,Farrell,ysanford@example.net,NY,Laptop,Electronics,899.99,2024,11,November,3599.96
59,32,101,1,2024-10-10,Michelle,Green,cynthia85@example.com,NY,Laptop,Electronics,899.99,2024,10,October,899.99
60,183,101,5,2024-03-02,Patrick,Jimenez,campbelllindsey@example.org,NY,Laptop,Electronics,899.99,2024,3,March,4499.95
61,22,105,5,2024-05-15,Ryan,Martinez,kristine58@example.com,FL,Monitor,Electronics,199.99,2024,5,May,999.95
62,108,103,4,2024-12-03,Michael,Flores,mary94@example.org,CA,Desk,Furniture,299.99,2024,12,December,1199.96
63,199,102,4,2024-03-09,Stacy,Oliver,qpatel@example.org,TX,Phone,Electronics,699.99,2024,3,March,2799.96
64,114,102,2,2024-04-23,Jennifer,Holt,andrew80@example.org,VA,Phone,Electronics,699.99,2024,4,April,1399.98
66,142,103,1,2024-09-13,Lauren,Johnson,todd83@example.net,CA,Desk,Furniture,299.99,2024,9,September,299.99
67,193,105,5,2024-02-26,Laura,Figueroa,kurt05@example.com,VA,Monitor,Electronics,199.99,2024,2,February,999.95
68,179,105,2,2024-10-26,Eric,King,rjackson@example.com,CA,Monitor,Electronics,199.99,2024,10,October,399.98
69,109,102,2,2024-05-15,Raymond,Moreno,amontgomery@example.com,FL,Phone,Electronics,699.99,2024,5,May,1399.98
70,91,103,1,2024-03-03,Richard,Woods,josephbutler@example.com,NY,Desk,Furniture,299.99,2024,3,March,299.99
71,98,105,4,2024-01-18,Elizabeth,Hahn,william48@example.net,FL,Monitor,Electronics,199.99,2024,1,January,799.96
72,170,104,2,2024-06-12,Scott,Higgins,ypope@example.net,VA,Chair,Furniture,129.99,2024,6,June,259.98
74,71,101,4,2024-05-21,Adrian,Carlson,melissa95@example.com,FL,Laptop,Electronics,899.99,2024,5,May,3599.96
75,92,105,1,2024-07-20,Elizabeth,Wood,djenkins@example.org,CA,Monitor,Electronics,199.99,2024,7,July,199.99
76,164,104,3,2024-07-25,David,Decker,tbentley@example.org,TX,Chair,Furniture,129.99,2024,7,July,389.97
77,33,103,5,2024-09-16,Lisa,Bautista,probinson@example.net,NY,Desk,Furniture,299.99,2024,9,September,1499.95
78,72,104,3,2024-12-31,Travis,Shaw,jennaanderson@example.org,CA,Chair,Furniture,129.99,2024,12,December,389.97
79,42,101,5,2024-04-26,Amanda,Wilson,gibsonpatrick@example.com,NY,Laptop,Electronics,899.99,2024,4,April,4499.95
80,36,105,2,2024-06-01,Kim,Gill,murraylindsey@example.org,VA,Monitor,Electronics,199.99,2024,6,June,399.98
81,135,102,3,2024-12-27,Lydia,Phillips,ashley37@example.com,CA,Phone,Electronics,699.99,2024,12,December,2099.9700000000003
82,61,103,5,2024-03-30,David,Parks,mariamyers@example.org,CA,Desk,Furniture,299.99,2024,3,March,1499.95
83,116,102,3,2024-07-30,Jesus,Grant,rschmidt@example.net,FL,Phone,Electronics,699.99,2024,7,July,2099.9700000000003
84,199,103,2,2024-04-21,Stacy,Oliver,qpatel@example.org,TX,Desk,Furniture,299.99,2024,4,April,599.98
85,2,105,2,2024-02-15,Chad,Harrison,kenneth20@example.net,TX,Monitor,Electronics,199.99,2024,2,February,399.98
86,91,101,1,2024-08-28,Richard,Woods,josephbutler@example.com,NY,Laptop,Electronics,899.99,2024,8,August,899.99
87,90,103,2,2024-12-04,Joseph,Walker,wilsonjessica@example.org,TX,Desk,Furniture,299.99,2024,12,December,599.98
89,65,105,4,2024-10-17,Robert,Lee,jonathanwallace@example.net,NY,Monitor,Electronics,199.99,2024,10,October,799.96
90,115,103,3,2024-11-10,Kimberly,Crawford,rodriguezashley@example.net,TX,Desk,Furniture,299.99,2024,11,November,899.97
91,179,103,1,2024-10-21,Eric,King,rjackson@example.com,CA,Desk,Furniture,299.99,2024,10,October,299.99
93,17,103,4,2024-03-19,Jesus,Riddle,lwright@example.net,FL,Desk,Furniture,299.99,2024,3,March,1199.96
94,174,103,2,2024-09-11,Joseph,Fisher,nathaniel71@example.com,TX,Desk,Furniture,299.99,2024,9,September,599.98
95,21,103,3,2024-11-18,Natasha,Morris,qcochran@example.org,TX,Desk,Furniture,299.99,2024,11,November,899.97
96,24,103,3,2024-07-02,William,Wright,garrett16@example.net,TX,Desk,Furniture,299.99,2024,7,July,899.97
97,191,101,5,2024-07-11,Teresa,Lopez,pamelajohnson@example.net,TX,Laptop,Electronics,899.99,2024,7,July,4499.95
99,91,102,2,2024-11-16,Richard,Woods,josephbutler@example.com,NY,Phone,Electronics,699.99,2024,11,November,1399.98
100,124,102,2,2024-11-24,Deanna,Phillips,gabriellabond@example.net,TX,Phone,Electronics,699.99,2024,11,November,1399.98
102,165,101,5,2024-06-02,Susan,Ward,traceymassey@example.org,TX,Laptop,Electronics,899.99,2024,6,June,4499.95
103,73,104,3,2024-10-27,Brandon,Ewing,fallen@example.net,CA,Chair,Furniture,129.99,2024,10,October,389.97
104,177,105,2,2024-06-15,Melinda,Henry,tanyadrake@example.com,TX,Monitor,Electronics,199.99,2024,6,June,399.98
106,175,101,4,2024-12-12,Jack,Thomas,petersonnicole@example.org,TX,Laptop,Electronics,899.99,2024,12,December,3599.96
107,189,102,2,2024-11-30,Diane,Lewis,pmarquez@example.net,FL,Phone,Electronics,699.99,2024,11,November,1399.98
108,75,103,1,2024-02-23,Drew,Rangel,udominguez@example.org,VA,Desk,Furniture,299.99,2024,2,February,299.99
109,186,102,1,2024-03-15,Kristy,Cortez,medinatanya@example.net,FL,Phone,Electronics,699.99,2024,3,March,699.99
110,101,104,3,2024-12-03,Christian,Goodwin,finleychristopher@example.com,FL,Chair,Furniture,129.99,2024,12,December,389.97
111,102,101,1,2024-06-06,Melissa,Thomas,jennifercox@example.org,FL,Laptop,Electronics,899.99,2024,6,June,899.99
112,67,102,3,2024-03-25,Natalie,Calhoun,obrienjane@example.net,CA,Phone,Electronics,699.99,2024,3,March,2099.9700000000003
113,173,104,5,2024-08-05,Brian,Dorsey,sford@example.org,VA,Chair,Furniture,129.99,2024,8,August,649.95
114,144,105,2,2024-11-01,Donald,Sawyer,smithvalerie@example.org,CA,Monitor,Electronics,199.99,2024,11,November,399.98
115,28,101,2,2024-01-09,Kimberly,Johnson,brittany14@example.net,FL,Laptop,Electronics,899.99,2024,1,January,1799.98
116,130,101,2,2024-05-31,Emily,Rios,davidcarter@example.net,CA,Laptop,Electronics,899.99,2024,5,May,1799.98
117,193,103,3,2024-12-20,Laura,Figueroa,kurt05@example.com,VA,Desk,Furniture,299.99,2024,12,December,899.97
118,115,102,3,2024-10-17,Kimberly,Crawford,rodriguezashley@example.net,TX,Phone,Electronics,699.99,2024,10,October,2099.9700000000003
119,133,105,1,2024-06-28,Sherry,Williams,clintonwarren@example.net,NY,Monitor,Electronics,199.99,2024,6,June,199.99
121,135,104,5,2024-08-07,Lydia,Phillips,ashley37@example.com,CA,Chair,Furniture,129.99,2024,8,August,649.95
122,109,102,5,2024-11-27,Raymond,Moreno,amontgomery@example.com,FL,Phone,Electronics,699.99,2024,11,November,3499.95
123,79,105,5,2024-05-14,Latasha,Farmer,eduncan@example.org,VA,Monitor,Electronics,199.99,2024,5,May,999.95
125,190,105,2,2024-02-05,Kristi,Robles,rstevens@example.net,CA,Monitor,Electronics,199.99,2024,2,February,399.98
126,26,104,4,2024-12-30,Mike,Harris,raymondflores@example.com,NY,Chair,Furniture,129.99,2024,12,December,519.96
127,145,101,4,2024-11-07,Paul,Robinson,susanelliott@example.org,NY,Laptop,Electronics,899.99,2024,11,November,3599.96
128,142,105,3,2024-12-05,Lauren,Johnson,todd83@example.net,CA,Monitor,Electronics,199.99,2024,12,December,599.97
129,62,104,5,2024-11-17,Kimberly,Hamilton,waynesmith@example.com,FL,Chair,Furniture,129.99,2024,11,November,649.95
130,97,103,5,2024-07-30,Daniel,Gallagher,randalldurham@example.net,CA,Desk,Furniture,299.99,2024,7,July,1499.95
131,10,103,2,2024-01-21,William,Smith,ericksonwalter@example.org,CA,Desk,Furniture,299.99,2024,1,January,599.98
132,148,105,4,2024-03-12,Wesley,Barber,rodriguezkevin@example.org,FL,Monitor,Electronics,199.99,2024,3,March,799.96
133,138,101,2,2024-08-02,James,Lawson,khenderson@example.net,TX,Laptop,Electronics,899.99,2024,8,August,1799.98
134,160,103,5,2024-12-10,Tammy,Gregory,jenkinsjason@example.org,FL,Desk,Furniture,299.99,2024,12,December,1499.95
135,106,105,3,2024-06-04,Kyle,Pitts,kathryn24@example.org,NY,Monitor,Electronics,199.99,2024,6,June,599.97
136,62,104,3,2024-08-18,Kimberly,Hamilton,waynesmith@example.com,FL,Chair,Furniture,129.99,2024,8,August,389.97
137,36,103,1,2024-07-19,Kim,Gill,murraylindsey@example.org,VA,Desk,Furniture,299.99,2024,7,July,299.99
138,35,104,2,2024-04-30,Logan,Glover,robyn80@example.org,CA,Chair,Furniture,129.99,2024,4,April,259.98
140,95,104,5,2024-01-09,Matthew,Taylor,sararice@example.net,FL,Chair,Furniture,129.99,2024,1,January,649.95
141,45,101,3,2024-08-03,Stacey,Hopkins,christopher39@example.com,NY,Laptop,Electronics,899.99,2024,8,August,2699.9700000000003
142,32,104,2,2024-09-05,Michelle,Green,cynthia85@example.com,NY,Chair,Furniture,129.99,2024,9,September,259.98
143,75,105,2,2024-08-23,Drew,Rangel,udominguez@example.org,VA,Monitor,Electronics,199.99,2024,8,August,399.98
144,161,102,5,2024-12-16,Sydney,Walker,ramirezalison@example.com,NY,Phone,Electronics,699.99,2024,12,December,3499.95
145,162,103,2,2024-04-07,Melissa,Kelly,patrickbuck@example.net,CA,Desk,Furniture,299.99,2024,4,April,599.98
146,152,101,2,2024-08-07,Sherry,Delacruz,pmorris@example.org,TX,Laptop,Electronics,899.99,2024,8,August,1799.98
147,55,103,1,2024-06-18,Robin,Hall,brooksjacob@example.com,CA,Desk,Furniture,299.99,2024,6,June,299.99
149,21,105,4,2024-10-29,Natasha,Morris,qcochran@example.org,TX,Monitor,Electronics,199.99,2024,10,October,799.96
150,160,105,1,2024-01-25,Tammy,Gregory,jenkinsjason@example.org,FL,Monitor,Electronics,199.99,2024,1,January,199.99
151,57,105,5,2024-01-14,Brenda,Cochran,wchristensen@example.net,FL,Monitor,Electronics,199.99,2024,1,January,999.95
152,137,101,2,2024-08-13,Lisa,Evans,oneillamanda@example.org,TX,Laptop,Electronics,899.99,2024,8,August,1799.98
153,55,101,1,2024-12-22,Robin,Hall,brooksjacob@example.com,CA,Laptop,Electronics,899.99,2024,12,December,899.99
154,136,101,4,2024-06-19,Ross,Tyler,williamssamuel@example.org,VA,Laptop,Electronics,899.99,2024,6,June,3599.96
155,173,102,2,2024-05-31,Brian,Dorsey,sford@example.org,VA,Phone,Electronics,699.99,2024,5,May,1399.98
156,41,104,3,2024-05-09,Jeffrey,Finley,sbass@example.net,CA,Chair,Furniture,129.99,2024,5,May,389.97
157,113,101,2,2024-04-27,Shelby,Garcia,mindychavez@example.org,VA,Laptop,Electronics,899.99,2024,4,April,1799.98
158,133,102,2,2024-08-14,Sherry,Williams,clintonwarren@example.net,NY,Phone,Electronics,699.99,2024,8,August,1399.98
159,68,105,5,2024-04-30,Brittney,Banks,pcook@example.org,VA,Monitor,Electronics,199.99,2024,4,April,999.95
160,174,102,4,2024-07-11,Joseph,Fisher,nathaniel71@example.com,TX,Phone,Electronics,699.99,2024,7,July,2799.96
161,33,101,4,2024-05-27,Lisa,Bautista,probinson@example.net,NY,Laptop,Electronics,899.99,2024,5,May,3599.96
162,47,101,2,2024-04-28,Katherine,Odonnell,oflores@example.com,TX,Laptop,Electronics,899.99,2024,4,April,1799.98
163,57,105,3,2024-02-23,Brenda,Cochran,wchristensen@example.net,FL,Monitor,Electronics,199.99,2024,2,February,599.97
164,178,101,2,2024-04-26,Thomas,Murphy,joshua54@example.com,NY,Laptop,Electronics,899.99,2024,4,April,1799.98
165,128,102,5,2024-12-24,Shane,Oneal,zimmermanandre@example.net,VA,Phone,Electronics,699.99,2024,12,December,3499.95
167,89,101,2,2024-11-07,Barbara,Salas,robertsjulie@example.org,VA,Laptop,Electronics,899.99,2024,11,November,1799.98
169,120,103,3,2024-11-19,Brian,Parker,anthonycole@example.com,FL,Desk,Furniture,299.99,2024,11,November,899.97
170,7,105,1,2024-10-27,Jacob,Johnson,wilsonjason@example.org,CA,Monitor,Electronics,199.99,2024,10,October,199.99
171,50,104,2,2024-09-03,Scott,Simon,xedwards@example.net,CA,Chair,Furniture,129.99,2024,9,September,259.98
172,196,103,3,2024-10-23,James,Newton,annataylor@example.net,VA,Desk,Furniture,299.99,2024,10,October,899.97
173,194,103,2,2024-04-14,Rebecca,Hampton,alexisnelson@example.net,FL,Desk,Furniture,299.99,2024,4,April,599.98
174,54,104,3,2024-08-05,James,Ford,wlynch@example.net,TX,Chair,Furniture,129.99,2024,8,August,389.97
175,144,103,4,2024-04-17,Donald,Sawyer,smithvalerie@example.org,CA,Desk,Furniture,299.99,2024,4,April,1199.96
176,142,105,5,2024-07-02,Lauren,Johnson,todd83@example.net,CA,Monitor,Electronics,199.99,2024,7,July,999.95
177,200,103,3,2024-01-15,Zachary,Hodge,stephanie70@example.net,VA,Desk,Furniture,299.99,2024,1,January,899.97
178,93,103,2,2024-06-06,Sean,Baker,zerickson@example.net,FL,Desk,Furniture,299.99,2024,6,June,599.98
179,180,103,5,2024-03-15,Charles,Bonilla,janice57@example.com,TX,Desk,Furniture,299.99,2024,3,March,1499.95
180,182,104,1,2024-07-02,Bruce,Sullivan,williamsandres@example.net,TX,Chair,Furniture,129.99,2024,7,July,129.99
181,150,105,1,2024-02-27,Mary,Barker,tim65@example.net,CA,Monitor,Electronics,199.99,2024,2,February,199.99
182,40,104,2,2024-01-21,Tanner,Richardson,colleen76@example.org,NY,Chair,Furniture,129.99,2024,1,January,259.98
184,98,104,2,2024-07-11,Elizabeth,Hahn,william48@example.net,FL,Chair,Furniture,129.99,2024,7,July,259.98
185,90,101,4,2024-09-08,Joseph,Walker,wilsonjessica@example.org,TX,Laptop,Electronics,899.99,2024,9,September,3599.96
186,173,101,3,2024-03-08,Brian,Dorsey,sford@example.org,VA,Laptop,Electronics,899.99,2024,3,March,2699.9700000000003
187,153,105,5,2024-11-16,Craig,Boyer,sandramiranda@example.org,TX,Monitor,Electronics,199.99,2024,11,November,999.95
188,159,103,5,2024-07-25,Melanie,Sanchez,tina10@example.net,TX,Desk,Furniture,299.99,2024,7,July,1499.95
189,40,105,3,2024-11-22,Tanner,Richardson,colleen76@example.org,NY,Monitor,Electronics,199.99,2024,11,November,599.97
191,64,104,2,2024-02-14,Tyler,Clark,howardrobert@example.org,TX,Chair,Furniture,129.99,2024,2,February,259.98
192,148,105,3,2024-09-10,Wesley,Barber,rodriguezkevin@example.org,FL,Monitor,Electronics,199.99,2024,9,September,599.97
193,89,104,5,2024-12-31,Barbara,Salas,robertsjulie@example.org,VA,Chair,Furniture,129.99,2024,12,December,649.95
194,66,102,2,2024-08-02,Willie,Barnett,alexiswilson@example.org,TX,Phone,Electronics,699.99,2024,8,August,1399.98
195,95,102,4,2024-01-11,Matthew,Taylor,sararice@example.net,FL,Phone,Electronics,699.99,2024,1,January,2799.96
196,157,104,1,2024-09-23,Kathleen,Figueroa,raymond57@example.com,FL,Chair,Furniture,129.99,2024,9,September,129.99
197,99,103,2,2024-06-03,Dominic,Green,isaacrice@example.org,TX,Desk,Furniture,299.99,2024,6,June,599.98
198,171,104,5,2024-08-08,Barbara,Moore,dukejames@example.com,TX,Chair,Furniture,129.99,2024,8,August,649.95
199,26,101,4,2024-07-30,Mike,Harris,raymondflores@example.com,NY,Laptop,Electronics,899.99,2024,7,July,3599.96
201,110,102,4,2024-02-09,James,Gutierrez,burtoneric@example.net,FL,Phone,Electronics,699.99,2024,2,February,2799.96
202,106,102,1,2024-11-03,Kyle,Pitts,kathryn24@example.org,NY,Phone,Electronics,699.99,2024,11,November,699.99
203,186,102,2,2024-02-06,Kristy,Cortez,medinatanya@example.net,FL,Phone,Electronics,699.99,2024,2,February,1399.98
204,50,105,3,2024-11-10,Scott,Simon,xedwards@example.net,CA,Monitor,Electronics,199.99,2024,11,November,599.97
205,54,104,5,2024-08-19,James,Ford,wlynch@example.net,TX,Chair,Furniture,129.99,2024,8,August,649.95
206,97,103,5,2024-01-30,Daniel,Gallagher,randalldurham@example.net,CA,Desk,Furniture,299.99,2024,1,January,1499.95
207,50,104,3,2024-01-30,Scott,Simon,xedwards@example.net,CA,Chair,Furniture,129.99,2024,1,January,389.97
208,109,104,5,2024-11-20,Raymond,Moreno,amontgomery@example.com,FL,Chair,Furniture,129.99,2024,11,November,649.95
209,68,105,3,2024-03-14,Brittney,Banks,pcook@example.org,VA,Monitor,Electronics,199.99,2024,3,March,599.97
210,87,101,3,2024-10-13,Shane,Schwartz,zcollins@example.org,TX,Laptop,Electronics,899.99,2024,10,October,2699.9700000000003
211,134,102,2,2024-10-04,Priscilla,Wilson,smithjennifer@example.com,VA,Phone,Electronics,699.99,2024,10,October,1399.98
212,96,105,4,2024-10-04,Randy,Davis,xhart@example.net,FL,Monitor,Electronics,199.99,2024,10,October,799.96
213,95,105,4,2024-06-24,Matthew,Taylor,sararice@example.net,FL,Monitor,Electronics,199.99,2024,6,June,799.96
214,37,104,5,2024-07-22,Derrick,Le,mary86@example.org,NY,Chair,Furniture,129.99,2024,7,July,649.95
215,2,102,3,2024-05-24,Chad,Harrison,kenneth20@example.net,TX,Phone,Electronics,699.99,2024,5,May,2099.9700000000003
216,50,103,4,2024-05-27,Scott,Simon,xedwards@example.net,CA,Desk,Furniture,299.99,2024,5,May,1199.96
217,99,102,1,2024-09-15,Dominic,Green,isaacrice@example.org,TX,Phone,Electronics,699.99,2024,9,September,699.99
220,196,105,3,2024-03-19,James,Newton,annataylor@example.net,VA,Monitor,Electronics,199.99,2024,3,March,599.97
221,101,103,3,2024-04-25,Christian,Goodwin,finleychristopher@example.com,FL,Desk,Furniture,299.99,2024,4,April,899.97
222,67,104,3,2024-07-06,Natalie,Calhoun,obrienjane@example.net,CA,Chair,Furniture,129.99,2024,7,July,389.97
223,15,102,3,2024-02-27,Jennifer,Valencia,markwalls@example.net,VA,Phone,Electronics,699.99,2024,2,February,2099.9700000000003
224,1,101,2,2024-05-05,Erika,Ferguson,morgan43@example.net,NY,Laptop,Electronics,899.99,2024,5,May,1799.98
225,165,101,3,2024-08-31,Susan,Ward,traceymassey@example.org,TX,Laptop,Electronics,899.99,2024,8,August,2699.9700000000003
226,82,105,2,2024-09-03,Cynthia,Delgado,gdowns@example.com,TX,Monitor,Electronics,199.99,2024,9,September,399.98
227,167,102,1,2024-10-17,Karen,Hernandez,ldalton@example.com,VA,Phone,Electronics,699.99,2024,10,October,699.99
228,180,105,2,2024-02-18,Charles,Bonilla,janice57@example.com,TX,Monitor,Electronics,199.99,2024,2,February,399.98
229,101,104,1,2024-10-01,Christian,Goodwin,finleychristopher@example.com,FL,Chair,Furniture,129.99,2024,10,October,129.99
230,190,101,2,2024-10-13,Kristi,Robles,rstevens@example.net,CA,Laptop,Electronics,899.99,2024,10,October,1799.98
231,179,104,2,2024-08-04,Eric,King,rjackson@example.com,CA,Chair,Furniture,129.99,2024,8,August,259.98
232,38,104,5,2024-10-06,Vicki,Lee,jramos@example.org,VA,Chair,Furniture,129.99,2024,10,October,649.95
233,132,102,3,2024-11-24,Michael,Clark,aprilramsey@example.net,TX,Phone,Electronics,699.99,2024,11,November,2099.9700000000003
234,22,105,3,2024-11-28,Ryan,Martinez,kristine58@example.com,FL,Monitor,Electronics,199.99,2024,11,November,599.97
235,183,102,2,2024-11-27,Patrick,Jimenez,campbelllindsey@example.org,NY,Phone,Electronics,699.99,2024,11,November,1399.98
236,55,102,5,2024-01-20,Robin,Hall,brooksjacob@example.com,CA,Phone,Electronics,699.99,2024,1,January,3499.95
237,102,105,4,2024-01-25,Melissa,Thomas,jennifercox@example.org,FL,Monitor,Electronics,199.99,2024,1,January,799.96
238,22,105,2,2024-04-17,Ryan,Martinez,kristine58@example.com,FL,Monitor,Electronics,199.99,2024,4,April,399.98
239,148,103,5,2024-09-17,Wesley,Barber,rodriguezkevin@example.org,FL,Desk,Furniture,299.99,2024,9,September,1499.95
240,183,103,1,2024-04-13,Patrick,Jimenez,campbelllindsey@example.org,NY,Desk,Furniture,299.99,2024,4,April,299.99
241,186,104,1,2024-04-06,Kristy,Cortez,medinatanya@example.net,FL,Chair,Furniture,129.99,2024,4,April,129.99
242,66,102,5,2024-09-12,Willie,Barnett,alexiswilson@example.org,TX,Phone,Electronics,699.99,2024,9,September,3499.95
243,198,105,5,2024-10-03,Julie,Bailey,elizabethsmith@example.org,VA,Monitor,Electronics,199.99,2024,10,October,999.95
244,3,101,2,2024-08-19,Lisa,Garcia,cunninghamtimothy@example.com,CA,Laptop,Electronics,899.99,2024,8,August,1799.98
245,148,105,2,2024-02-24,Wesley,Barber,rodriguezkevin@example.org,FL,Monitor,Electronics,199.99,2024,2,February,399.98
246,95,105,5,2024-03-10,Matthew,Taylor,sararice@example.net,FL,Monitor,Electronics,199.99,2024,3,March,999.95
247,158,104,4,2024-06-16,Jeffrey,Armstrong,velezcorey@example.com,VA,Chair,Furniture,129.99,2024,6,June,519.96
248,64,104,2,2024-04-15,Tyler,Clark,howardrobert@example.org,TX,Chair,Furniture,129.99,2024,4,April,259.98
250,14,105,5,2024-10-31,Kathleen,Bond,nhall@example.org,CA,Monitor,Electronics,199.99,2024,10,October,999.95
251,31,101,5,2024-03-04,Clayton,Ryan,oparker@example.com,CA,Laptop,Electronics,899.99,2024,3,March,4499.95
252,69,105,2,2024-08-09,John,Ortega,jamesdebra@example.com,CA,Monitor,Electronics,199.99,2024,8,August,399.98
253,6,104,3,2024-03-14,James,Williams,anthony43@example.com,NY,Chair,Furniture,129.99,2024,3,March,389.97
254,155,103,2,2024-09-05,Douglas,Hicks,jeremy94@example.net,CA,Desk,Furniture,299.99,2024,9,September,599.98
255,182,102,5,2024-05-25,Bruce,Sullivan,williamsandres@example.net,TX,Phone,Electronics,699.99,2024,5,May,3499.95
256,7,105,1,2024-08-05,Jacob,Johnson,wilsonjason@example.org,CA,Monitor,Electronics,199.99,2024,8,August,199.99
257,28,101,4,2024-07-31,Kimberly,Johnson,brittany14@example.net,FL,Laptop,Electronics,899.99,2024,7,July,3599.96
258,184,104,3,2024-03-18,Jack,Krueger,melanie39@example.net,CA,Chair,Furniture,129.99,2024,3,March,389.97
260,21,103,3,2024-05-14,Natasha,Morris,qcochran@example.org,TX,Desk,Furniture,299.99,2024,5,May,899.97
261,140,103,3,2024-01-03,Lisa,Ross,matthewsashley@example.org,CA,Desk,Furniture,299.99,2024,1,January,899.97
262,132,105,2,2024-05-07,Michael,Clark,aprilramsey@example.net,TX,Monitor,Electronics,199.99,2024,5,May,399.98
263,80,102,5,2024-04-29,Kelly,Murray,mariabeck@example.net,FL,Phone,Electronics,699.99,2024,4,April,3499.95
264,155,105,5,2024-11-21,Douglas,Hicks,jeremy94@example.net,CA,Monitor,Electronics,199.99,2024,11,November,999.95
265,69,101,1,2024-09-18,John,Ortega,jamesdebra@example.com,CA,Laptop,Electronics,899.99,2024,9,September,899.99
266,47,104,2,2024-04-29,Katherine,Odonnell,oflores@example.com,TX,Chair,Furniture,129.99,2024,4,April,259.98
267,54,102,4,2024-05-15,James,Ford,wlynch@example.net,TX,Phone,Electronics,699.99,2024,5,May,2799.96
268,60,105,5,2024-10-18,Ronald,Austin,crodriguez@example.com,TX,Monitor,Electronics,199.99,2024,10,October,999.95
269,40,104,5,2024-05-26,Tanner,Richardson,colleen76@example.org,NY,Chair,Furniture,129.99,2024,5,May,649.95
270,177,103,4,2024-03-03,Melinda,Henry,tanyadrake@example.com,TX,Desk,Furniture,299.99,2024,3,March,1199.96
272,110,104,3,2024-12-04,James,Gutierrez,burtoneric@example.net,FL,Chair,Furniture,129.99,2024,12,December,389.97
273,32,104,4,2024-11-18,Michelle,Green,cynthia85@example.com,NY,Chair,Furniture,129.99,2024,11,November,519.96
274,65,103,4,2024-04-11,Robert,Lee,jonathanwallace@example.net,NY,Desk,Furniture,299.99,2024,4,April,1199.96
275,75,103,3,2024-01-28,Drew,Rangel,udominguez@example.org,VA,Desk,Furniture,299.99,2024,1,January,899.97
277,130,103,3,2024-06-29,Emily,Rios,davidcarter@example.net,CA,Desk,Furniture,299.99,2024,6,June,899.97
278,28,102,4,2024-04-23,Kimberly,Johnson,brittany14@example.net,FL,Phone,Electronics,699.99,2024,4,April,2799.96
279,147,103,2,2024-02-08,Zachary,Jackson,eburns@example.net,NY,Desk,Furniture,299.99,2024,2,February,599.98
280,18,104,1,2024-06-09,Donna,Barnes,aphillips@example.com,VA,Chair,Furniture,129.99,2024,6,June,129.99
281,199,105,4,2024-01-26,Stacy,Oliver,qpatel@example.org,TX,Monitor,Electronics,199.99,2024,1,January,799.96
283,138,105,1,2024-04-16,James,Lawson,khenderson@example.net,TX,Monitor,Electronics,199.99,2024,4,April,199.99
284,51,101,3,2024-03-30,Kristy,Alexander,marysanchez@example.org,VA,Laptop,Electronics,899.99,2024,3,March,2699.9700000000003
285,59,105,2,2024-03-20,Anthony,Jones,lbartlett@example.net,FL,Monitor,Electronics,199.99,2024,3,March,399.98
286,184,102,5,2024-09-05,Jack,Krueger,melanie39@example.net,CA,Phone,Electronics,699.99,2024,9,September,3499.95
287,54,102,1,2024-10-05,James,Ford,wlynch@example.net,TX,Phone,Electronics,699.99,2024,10,October,699.99
288,101,104,4,2024-06-14,Christian,Goodwin,finleychristopher@example.com,FL,Chair,Furniture,129.99,2024,6,June,519.96
289,145,105,5,2024-02-01,Paul,Robinson,susanelliott@example.org,NY,Monitor,Electronics,199.99,2024,2,February,999.95
290,5,105,4,2024-03-03,Amy,Sims,harrisleslie@example.org,TX,Monitor,Electronics,199.99,2024,3,March,799.96
291,146,101,4,2024-03-30,Stephen,Bright,rowlandnicole@example.org,CA,Laptop,Electronics,899.99,2024,3,March,3599.96
292,86,105,3,2024-02-26,Angelica,Perry,sean79@example.net,NY,Monitor,Electronics,199.99,2024,2,February,599.97
293,155,102,1,2024-07-18,Douglas,Hicks,jeremy94@example.net,CA,Phone,Electronics,699.99,2024,7,July,699.99
295,113,103,2,2024-01-12,Shelby,Garcia,mindychavez@example.org,VA,Desk,Furniture,299.99,2024,1,January,599.98
296,85,104,1,2024-12-01,Marvin,Wilson,juliannelson@example.net,FL,Chair,Furniture,129.99,2024,12,December,129.99
297,93,101,4,2024-05-11,Sean,Baker,zerickson@example.net,FL,Laptop,Electronics,899.99,2024,5,May,3599.96
298,153,104,1,2024-09-26,Craig,Boyer,sandramiranda@example.org,TX,Chair,Furniture,129.99,2024,9,September,129.99
299,62,101,2,2024-03-04,Kimberly,Hamilton,waynesmith@example.com,FL,Laptop,Electronics,899.99,2024,3,March,1799.98
301,192,102,5,2024-01-22,Paul,Hill,hollowaykeith@example.com,FL,Phone,Electronics,699.99,2024,1,January,3499.95
302,97,102,2,2024-07-08,Daniel,Gallagher,randalldurham@example.net,CA,Phone,Electronics,699.99,2024,7,July,1399.98
303,103,103,4,2024-04-05,Donna,Cox,don19@example.com,VA,Desk,Furniture,299.99,2024,4,April,1199.96
304,145,104,3,2024-04-16,Paul,Robinson,susanelliott@example.org,NY,Chair,Furniture,129.99,2024,4,April,389.97
305,5,101,4,2024-01-01,Amy,Sims,harrisleslie@example.org,TX,Laptop,Electronics,899.99,2024,1,January,3599.96
306,121,102,2,2024-05-19,Laura,Hernandez,barbaramaynard@example.net,CA,Phone,Electronics,699.99,2024,5,May,1399.98
307,80,105,4,2024-03-27,Kelly,Murray,mariabeck@example.net,FL,Monitor,Electronics,199.99,2024,3,March,799.96
308,54,105,3,2024-02-15,James,Ford,wlynch@example.net,TX,Monitor,Electronics,199.99,2024,2,February,599.97
309,183,103,3,2024-02-25,Patrick,Jimenez,campbelllindsey@example.org,NY,Desk,Furniture,299.99,2024,2,February,899.97
312,25,101,1,2024-03-07,Beverly,Mckinney,birdian@example.com,VA,Laptop,Electronics,899.99,2024,3,March,899.99
313,125,102,3,2024-11-18,Gabriella,Farrell,ysanford@example.net,NY,Phone,Electronics,699.99,2024,11,November,2099.9700000000003
314,79,105,2,2024-01-13,Latasha,Farmer,eduncan@example.org,VA,Monitor,Electronics,199.99,2024,1,January,399.98
315,106,105,4,2024-03-15,Kyle,Pitts,kathryn24@example.org,NY,Monitor,Electronics,199.99,2024,3,March,799.96
316,32,103,5,2024-12-05,Michelle,Green,cynthia85@example.com,NY,Desk,Furniture,299.99,2024,12,December,1499.95
317,148,102,5,2024-07-20,Wesley,Barber,rodriguezkevin@example.org,FL,Phone,Electronics,699.99,2024,7,July,3499.95
318,109,105,1,2024-07-15,Raymond,Moreno,amontgomery@example.com,FL,Monitor,Electronics,199.99,2024,7,July,199.99
319,18,102,5,2024-05-31,Donna,Barnes,aphillips@example.com,VA,Phone,Electronics,699.99,2024,5,May,3499.95
320,37,105,2,2024-12-09,Derrick,Le,mary86@example.org,NY,Monitor,Electronics,199.99,2024,12,December,399.98
321,75,105,4,2024-05-15,Drew,Rangel,udominguez@example.org,VA,Monitor,Electronics,199.99,2024,5,May,799.96
322,89,103,2,2024-05-31,Barbara,Salas,robertsjulie@example.org,VA,Desk,Furniture,299.99,2024,5,May,599.98
323,71,105,2,2024-12-04,Adrian,Carlson,melissa95@example.com,FL,Monitor,Electronics,199.99,2024,12,December,399.98
324,66,101,3,2024-12-25,Willie,Barnett,alexiswilson@example.org,TX,Laptop,Electronics,899.99,2024,12,December,2699.9700000000003
325,51,105,1,2024-10-03,Kristy,Alexander,marysanchez@example.org,VA,Monitor,Electronics,199.99,2024,10,October,199.99
326,149,101,1,2024-11-11,Gary,Foley,joshua55@example.net,FL,Laptop,Electronics,899.99,2024,11,November,899.99
327,175,104,1,2024-02-27,Jack,Thomas,petersonnicole@example.org,TX,Chair,Furniture,129.99,2024,2,February,129.99
328,136,105,1,2024-04-11,Ross,Tyler,williamssamuel@example.org,VA,Monitor,Electronics,199.99,2024,4,April,199.99
329,65,103,2,2024-08-20,Robert,Lee,jonathanwallace@example.net,NY,Desk,Furniture,299.99,2024,8,August,599.98
330,102,105,3,2024-01-09,Melissa,Thomas,jennifercox@example.org,FL,Monitor,Electronics,199.99,2024,1,January,599.97
331,3,104,4,2024-12-25,Lisa,Garcia,cunninghamtimothy@example.com,CA,Chair,Furniture,129.99,2024,12,December,519.96
332,78,105,5,2024-05-02,Denise,Cruz,melissa99@example.com,CA,Monitor,Electronics,199.99,2024,5,May,999.95
333,14,103,2,2024-01-10,Kathleen,Bond,nhall@example.org,CA,Desk,Furniture,299.99,2024,1,January,599.98
335,66,103,1,2024-06-30,Willie,Barnett,alexiswilson@example.org,TX,Desk,Furniture,299.99,2024,6,June,299.99
336,28,102,1,2024-04-10,Kimberly,Johnson,brittany14@example.net,FL,Phone,Electronics,699.99,2024,4,April,699.99
337,18,103,5,2024-03-31,Donna,Barnes,aphillips@example.com,VA,Desk,Furniture,299.99,2024,3,March,1499.95
338,35,101,4,2024-10-15,Logan,Glover,robyn80@example.org,CA,Laptop,Electronics,899.99,2024,10,October,3599.96
339,92,104,2,2024-07-30,Elizabeth,Wood,djenkins@example.org,CA,Chair,Furniture,129.99,2024,7,July,259.98
340,162,104,1,2024-07-17,Melissa,Kelly,patrickbuck@example.net,CA,Chair,Furniture,129.99,2024,7,July,129.99
341,40,102,4,2024-09-20,Tanner,Richardson,colleen76@example.org,NY,Phone,Electronics,699.99,2024,9,September,2799.96
342,96,104,4,2024-07-16,Randy,Davis,xhart@example.net,FL,Chair,Furniture,129.99,2024,7,July,519.96
343,66,104,3,2024-07-15,Willie,Barnett,alexiswilson@example.org,TX,Chair,Furniture,129.99,2024,7,July,389.97
344,117,102,4,2024-10-19,Hannah,Myers,simonstephanie@example.net,FL,Phone,Electronics,699.99,2024,10,October,2799.96
345,96,104,5,2024-05-27,Randy,Davis,xhart@example.net,FL,Chair,Furniture,129.99,2024,5,May,649.95
346,155,101,5,2024-05-24,Douglas,Hicks,jeremy94@example.net,CA,Laptop,Electronics,899.99,2024,5,May,4499.95
347,192,102,5,2024-01-24,Paul,Hill,hollowaykeith@example.com,FL,Phone,Electronics,699.99,2024,1,January,3499.95
348,6,105,5,2024-05-14,James,Williams,anthony43@example.com,NY,Monitor,Electronics,199.99,2024,5,May,999.95
349,44,104,2,2024-04-15,Timothy,Allen,john20@example.net,TX,Chair,Furniture,129.99,2024,4,April,259.98
350,95,104,1,2024-11-19,Matthew,Taylor,sararice@example.net,FL,Chair,Furniture,129.99,2024,11,November,129.99
351,56,104,4,2024-07-13,Shirley,Rodriguez,jeremymarshall@example.com,CA,Chair,Furniture,129.99,2024,7,July,519.96
352,35,104,2,2024-08-27,Logan,Glover,robyn80@example.org,CA,Chair,Furniture,129.99,2024,8,August,259.98
353,73,105,4,2024-08-07,Brandon,Ewing,fallen@example.net,CA,Monitor,Electronics,199.99,2024,8,August,799.96
354,156,101,2,2024-07-10,Amanda,Bradley,briggstammy@example.com,CA,Laptop,Electronics,899.99,2024,7,July,1799.98
355,167,104,1,2024-04-29,Karen,Hernandez,ldalton@example.com,VA,Chair,Furniture,129.99,2024,4,April,129.99
356,184,102,1,2024-03-12,Jack,Krueger,melanie39@example.net,CA,Phone,Electronics,699.99,2024,3,March,699.99
357,1,101,1,2024-11-02,Erika,Ferguson,morgan43@example.net,NY,Laptop,Electronics,899.99,2024,11,November,899.99
358,19,101,2,2024-07-19,Lisa,Anderson,castillosarah@example.com,NY,Laptop,Electronics,899.99,2024,7,July,1799.98
359,159,101,4,2024-11-02,Melanie,Sanchez,tina10@example.net,TX,Laptop,Electronics,899.99,2024,11,November,3599.96
360,168,104,1,2024-10-06,Cindy,Leonard,brendan61@example.com,NY,Chair,Furniture,129.99,2024,10,October,129.99
363,17,102,2,2024-11-25,Jesus,Riddle,lwright@example.net,FL,Phone,Electronics,699.99,2024,11,November,1399.98
364,59,105,5,2024-07-08,Anthony,Jones,lbartlett@example.net,FL,Monitor,Electronics,199.99,2024,7,July,999.95
365,50,104,2,2024-07-16,Scott,Simon,xedwards@example.net,CA,Chair,Furniture,129.99,2024,7,July,259.98
366,187,105,2,2024-10-02,Misty,Weber,zlee@example.com,CA,Monitor,Electronics,199.99,2024,10,October,399.98
367,147,102,5,2024-08-26,Zachary,Jackson,eburns@example.net,NY,Phone,Electronics,699.99,2024,8,August,3499.95
368,42,103,1,2024-08-10,Amanda,Wilson,gibsonpatrick@example.com,NY,Desk,Furniture,299.99,2024,8,August,299.99
369,194,104,3,2024-10-23,Rebecca,Hampton,alexisnelson@example.net,FL,Chair,Furniture,129.99,2024,10,October,389.97
370,151,102,2,2024-12-07,William,Moses,rebeccabarrett@example.net,FL,Phone,Electronics,699.99,2024,12,December,1399.98
371,42,103,3,2024-08-22,Amanda,Wilson,gibsonpatrick@example.com,NY,Desk,Furniture,299.99,2024,8,August,899.97
372,39,102,3,2024-05-12,Crystal,Jones,amy75@example.com,CA,Phone,Electronics,699.99,2024,5,May,2099.9700000000003
373,98,101,5,2024-12-16,Elizabeth,Hahn,william48@example.net,FL,Laptop,Electronics,899.99,2024,12,December,4499.95
374,183,102,1,2024-08-07,Patrick,Jimenez,campbelllindsey@example.org,NY,Phone,Electronics,699.99,2024,8,August,699.99
375,184,102,5,2024-09-03,Jack,Krueger,melanie39@example.net,CA,Phone,Electronics,699.99,2024,9,September,3499.95
376,97,102,1,2024-01-06,Daniel,Gallagher,randalldurham@example.net,CA,Phone,Electronics,699.99,2024,1,January,699.99
377,44,102,3,2024-10-24,Timothy,Allen,john20@example.net,TX,Phone,Electronics,699.99,2024,10,October,2099.9700000000003
378,41,101,2,2024-12-31,Jeffrey,Finley,sbass@example.net,CA,Laptop,Electronics,899.99,2024,12,December,1799.98
379,153,105,2,2024-09-12,Craig,Boyer,sandramiranda@example.org,TX,Monitor,Electronics,199.99,2024,9,September,399.98
380,22,104,5,2024-03-18,Ryan,Martinez,kristine58@example.com,FL,Chair,Furniture,129.99,2024,3,March,649.95
384,170,103,5,2024-10-25,Scott,Higgins,ypope@example.net,VA,Desk,Furniture,299.99,2024,10,October,1499.95
385,164,101,3,2024-01-17,David,Decker,tbentley@example.org,TX,Laptop,Electronics,899.99,2024,1,January,2699.9700000000003
386,32,105,2,2024-04-14,Michelle,Green,cynthia85@example.com,NY,Monitor,Electronics,199.99,2024,4,April,399.98
387,154,104,4,2024-03-15,Erin,Zhang,stokesalexander@example.net,NY,Chair,Furniture,129.99,2024,3,March,519.96
388,169,104,4,2024-05-14,Heather,Wolfe,wgraham@example.net,CA,Chair,Furniture,129.99,2024,5,May,519.96
390,78,105,3,2024-05-20,Denise,Cruz,melissa99@example.com,CA,Monitor,Electronics,199.99,2024,5,May,599.97
391,92,103,2,2024-06-14,Elizabeth,Wood,djenkins@example.org,CA,Desk,Furniture,299.99,2024,6,June,599.98
392,34,105,3,2024-12-12,Matthew,Gray,maldonadodaniel@example.org,NY,Monitor,Electronics,199.99,2024,12,December,599.97
393,147,102,3,2024-10-09,Zachary,Jackson,eburns@example.net,NY,Phone,Electronics,699.99,2024,10,October,2099.9700000000003
394,162,103,3,2024-06-28,Melissa,Kelly,patrickbuck@example.net,CA,Desk,Furniture,299.99,2024,6,June,899.97
395,124,101,2,2024-01-29,Deanna,Phillips,gabriellabond@example.net,TX,Laptop,Electronics,899.99,2024,1,January,1799.98
396,142,101,5,2024-06-12,Lauren,Johnson,todd83@example.net,CA,Laptop,Electronics,899.99,2024,6,June,4499.95
397,154,102,3,2024-05-09,Erin,Zhang,stokesalexander@example.net,NY,Phone,Electronics,699.99,2024,5,May,2099.9700000000003
398,109,102,5,2024-12-11,Raymond,Moreno,amontgomery@example.com,FL,Phone,Electronics,699.99,2024,12,December,3499.95
399,79,105,3,2024-06-13,Latasha,Farmer,eduncan@example.org,VA,Monitor,Electronics,199.99,2024,6,June,599.97
400,19,103,1,2024-03-06,Lisa,Anderson,castillosarah@example.com,NY,Desk,Furniture,299.99,2024,3,March,299.99
401,110,105,1,2024-08-03,James,Gutierrez,burtoneric@example.net,FL,Monitor,Electronics,199.99,2024,8,August,199.99
402,183,105,1,2024-04-14,Patrick,Jimenez,campbelllindsey@example.org,NY,Monitor,Electronics,199.99,2024,4,April,199.99
404,146,101,5,2024-03-20,Stephen,Bright,rowlandnicole@example.org,CA,Laptop,Electronics,899.99,2024,3,March,4499.95
405,162,101,3,2024-02-13,Melissa,Kelly,patrickbuck@example.net,CA,Laptop,Electronics,899.99,2024,2,February,2699.9700000000003
406,40,103,2,2024-08-31,Tanner,Richardson,colleen76@example.org,NY,Desk,Furniture,299.99,2024,8,August,599.98
408,125,104,4,2024-01-10,Gabriella,Farrell,ysanford@example.net,NY,Chair,Furniture,129.99,2024,1,January,519.96
409,23,103,2,2024-08-18,Elizabeth,Martin,kimberlycrane@example.net,CA,Desk,Furniture,299.99,2024,8,August,599.98
410,40,105,2,2024-02-02,Tanner,Richardson,colleen76@example.org,NY,Monitor,Electronics,199.99,2024,2,February,399.98
411,34,101,1,2024-10-10,Matthew,Gray,maldonadodaniel@example.org,NY,Laptop,Electronics,899.99,2024,10,October,899.99
412,37,103,2,2024-09-02,Derrick,Le,mary86@example.org,NY,Desk,Furniture,299.99,2024,9,September,599.98
413,111,104,4,2024-08-29,John,Mueller,yhunt@example.net,VA,Chair,Furniture,129.99,2024,8,August,519.96
414,194,101,3,2024-12-16,Rebecca,Hampton,alexisnelson@example.net,FL,Laptop,Electronics,899.99,2024,12,December,2699.9700000000003
416,33,103,1,2024-03-09,Lisa,Bautista,probinson@example.net,NY,Desk,Furniture,299.99,2024,3,March,299.99
417,193,102,5,2024-04-27,Laura,Figueroa,kurt05@example.com,VA,Phone,Electronics,699.99,2024,4,April,3499.95
418,180,105,1,2024-06-03,Charles,Bonilla,janice57@example.com,TX,Monitor,Electronics,199.99,2024,6,June,199.99
419,133,101,3,2024-10-10,Sherry,Williams,clintonwarren@example.net,NY,Laptop,Electronics,899.99,2024,10,October,2699.9700000000003
420,33,103,2,2024-02-08,Lisa,Bautista,probinson@example.net,NY,Desk,Furniture,299.99,2024,2,February,599.98
421,195,101,5,2024-07-20,Russell,Sanchez,uhubbard@example.net,NY,Laptop,Electronics,899.99,2024,7,July,4499.95
422,90,101,4,2024-06-09,Joseph,Walker,wilsonjessica@example.org,TX,Laptop,Electronics,899.99,2024,6,June,3599.96
423,163,101,2,2024-06-19,Terri,Dalton,jeremyhays@example.org,CA,Laptop,Electronics,899.99,2024,6,June,1799.98
424,35,104,1,2024-11-23,Logan,Glover,robyn80@example.org,CA,Chair,Furniture,129.99,2024,11,November,129.99
425,113,105,3,2024-07-18,Shelby,Garcia,mindychavez@example.org,VA,Monitor,Electronics,199.99,2024,7,July,599.97
426,3,102,3,2024-11-24,Lisa,Garcia,cunninghamtimothy@example.com,CA,Phone,Electronics,699.99,2024,11,November,2099.9700000000003
427,136,104,1,2024-03-14,Ross,Tyler,williamssamuel@example.org,VA,Chair,Furniture,129.99,2024,3,March,129.99
428,196,102,3,2024-12-17,James,Newton,annataylor@example.net,VA,Phone,Electronics,699.99,2024,12,December,2099.9700000000003
429,3,101,4,2024-08-23,Lisa,Garcia,cunninghamtimothy@example.com,CA,Laptop,Electronics,899.99,2024,8,August,3599.96
431,183,103,1,2024-09-05,Patrick,Jimenez,campbelllindsey@example.org,NY,Desk,Furniture,299.99,2024,9,September,299.99
432,136,105,3,2024-06-19,Ross,Tyler,williamssamuel@example.org,VA,Monitor,Electronics,199.99,2024,6,June,599.97
433,198,104,5,2024-08-17,Julie,Bailey,elizabethsmith@example.org,VA,Chair,Furniture,129.99,2024,8,August,649.95
434,3,104,5,2024-07-31,Lisa,Garcia,cunninghamtimothy@example.com,CA,Chair,Furniture,129.99,2024,7,July,649.95
435,6,105,1,2024-04-18,James,Williams,anthony43@example.com,NY,Monitor,Electronics,199.99,2024,4,April,199.99
436,126,102,2,2024-12-25,Andrew,Garcia,vanessacalderon@example.net,FL,Phone,Electronics,699.99,2024,12,December,1399.98
440,169,101,2,2024-10-22,Heather,Wolfe,wgraham@example.net,CA,Laptop,Electronics,899.99,2024,10,October,1799.98
441,93,105,3,2024-11-07,Sean,Baker,zerickson@example.net,FL,Monitor,Electronics,199.99,2024,11,November,599.97
442,21,102,5,2024-12-25,Natasha,Morris,qcochran@example.org,TX,Phone,Electronics,699.99,2024,12,December,3499.95
443,106,101,3,2024-07-06,Kyle,Pitts,kathryn24@example.org,NY,Laptop,Electronics,899.99,2024,7,July,2699.9700000000003
444,90,103,5,2024-06-08,Joseph,Walker,wilsonjessica@example.org,TX,Desk,Furniture,299.99,2024,6,June,1499.95
445,178,105,1,2024-03-30,Thomas,Murphy,joshua54@example.com,NY,Monitor,Electronics,199.99,2024,3,March,199.99
446,124,102,4,2024-05-06,Deanna,Phillips,gabriellabond@example.net,TX,Phone,Electronics,699.99,2024,5,May,2799.96
447,14,102,3,2024-04-29,Kathleen,Bond,nhall@example.org,CA,Phone,Electronics,699.99,2024,4,April,2099.9700000000003
448,106,104,5,2024-01-17,Kyle,Pitts,kathryn24@example.org,NY,Chair,Furniture,129.99,2024,1,January,649.95
449,163,105,4,2024-02-16,Terri,Dalton,jeremyhays@example.org,CA,Monitor,Electronics,199.99,2024,2,February,799.96
450,117,102,3,2024-06-03,Hannah,Myers,simonstephanie@example.net,FL,Phone,Electronics,699.99,2024,6,June,2099.9700000000003
451,90,103,5,2024-05-28,Joseph,Walker,wilsonjessica@example.org,TX,Desk,Furniture,299.99,2024,5,May,1499.95
452,118,103,5,2024-12-09,Marcus,Goodwin,brandy72@example.com,FL,Desk,Furniture,299.99,2024,12,December,1499.95
453,79,104,2,2024-10-11,Latasha,Farmer,eduncan@example.org,VA,Chair,Furniture,129.99,2024,10,October,259.98
454,54,102,3,2024-03-26,James,Ford,wlynch@example.net,TX,Phone,Electronics,699.99,2024,3,March,2099.9700000000003
455,174,102,3,2024-12-01,Joseph,Fisher,nathaniel71@example.com,TX,Phone,Electronics,699.99,2024,12,December,2099.9700000000003
456,129,103,3,2024-02-06,Janet,Stanley,aguirreaustin@example.org,FL,Desk,Furniture,299.99,2024,2,February,899.97
457,73,105,2,2024-01-06,Brandon,Ewing,fallen@example.net,CA,Monitor,Electronics,199.99,2024,1,January,399.98
458,166,105,2,2024-04-09,Matthew,Brennan,xjames@example.org,FL,Monitor,Electronics,199.99,2024,4,April,399.98
459,67,102,3,2024-03-03,Natalie,Calhoun,obrienjane@example.net,CA,Phone,Electronics,699.99,2024,3,March,2099.9700000000003
460,149,101,4,2024-12-15,Gary,Foley,joshua55@example.net,FL,Laptop,Electronics,899.99,2024,12,December,3599.96
461,55,101,4,2024-01-10,Robin,Hall,brooksjacob@example.com,CA,Laptop,Electronics,899.99,2024,1,January,3599.96
462,130,101,1,2024-12-29,Emily,Rios,davidcarter@example.net,CA,Laptop,Electronics,899.99,2024,12,December,899.99
464,163,103,4,2024-12-27,Terri,Dalton,jeremyhays@example.org,CA,Desk,Furniture,299.99,2024,12,December,1199.96
465,155,101,2,2024-04-04,Douglas,Hicks,jeremy94@example.net,CA,Laptop,Electronics,899.99,2024,4,April,1799.98
466,49,101,1,2024-07-02,Glenn,Williams,chall@example.com,CA,Laptop,Electronics,899.99,2024,7,July,899.99
467,183,104,2,2024-12-25,Patrick,Jimenez,campbelllindsey@example.org,NY,Chair,Furniture,129.99,2024,12,December,259.98
470,175,101,4,2024-08-14,Jack,Thomas,petersonnicole@example.org,TX,Laptop,Electronics,899.99,2024,8,August,3599.96
471,158,103,1,2024-10-07,Jeffrey,Armstrong,velezcorey@example.com,VA,Desk,Furniture,299.99,2024,10,October,299.99
472,124,101,2,2024-10-24,Deanna,Phillips,gabriellabond@example.net,TX,Laptop,Electronics,899.99,2024,10,October,1799.98
473,39,105,1,2024-11-28,Crystal,Jones,amy75@example.com,CA,Monitor,Electronics,199.99,2024,11,November,199.99
474,96,103,5,2024-07-01,Randy,Davis,xhart@example.net,FL,Desk,Furniture,299.99,2024,7,July,1499.95
475,74,105,3,2024-12-27,Renee,Thomas,brandicole@example.org,TX,Monitor,Electronics,199.99,2024,12,December,599.97
476,75,104,1,2024-03-31,Drew,Rangel,udominguez@example.org,VA,Chair,Furniture,129.99,2024,3,March,129.99
477,180,102,5,2024-03-04,Charles,Bonilla,janice57@example.com,TX,Phone,Electronics,699.99,2024,3,March,3499.95
478,137,103,1,2024-11-12,Lisa,Evans,oneillamanda@example.org,TX,Desk,Furniture,299.99,2024,11,November,299.99
479,137,102,3,2024-07-16,Lisa,Evans,oneillamanda@example.org,TX,Phone,Electronics,699.99,2024,7,July,2099.9700000000003
480,104,104,2,2024-02-20,Nancy,Buckley,yfisher@example.org,NY,Chair,Furniture,129.99,2024,2,February,259.98
481,104,104,4,2024-01-29,Nancy,Buckley,yfisher@example.org,NY,Chair,Furniture,129.99,2024,1,January,519.96
482,83,105,3,2024-09-13,Carolyn,Bowers,vegaadam@example.com,CA,Monitor,Electronics,199.99,2024,9,September,599.97
483,141,102,5,2024-08-27,Andrea,Shannon,coreyoliver@example.com,FL,Phone,Electronics,699.99,2024,8,August,3499.95
484,180,101,5,2024-12-03,Charles,Bonilla,janice57@example.com,TX,Laptop,Electronics,899.99,2024,12,December,4499.95
485,173,102,3,2024-04-12,Brian,Dorsey,sford@example.org,VA,Phone,Electronics,699.99,2024,4,April,2099.9700000000003
486,24,105,4,2024-09-19,William,Wright,garrett16@example.net,TX,Monitor,Electronics,199.99,2024,9,September,799.96
487,65,101,4,2024-09-29,Robert,Lee,jonathanwallace@example.net,NY,Laptop,Electronics,899.99,2024,9,September,3599.96
488,44,101,1,2024-08-10,Timothy,Allen,john20@example.net,TX,Laptop,Electronics,899.99,2024,8,August,899.99
489,21,103,2,2024-10-21,Natasha,Morris,qcochran@example.org,TX,Desk,Furniture,299.99,2024,10,October,599.98
490,192,104,2,2024-03-09,Paul,Hill,hollowaykeith@example.com,FL,Chair,Furniture,129.99,2024,3,March,259.98
491,117,103,3,2024-04-29,Hannah,Myers,simonstephanie@example.net,FL,Desk,Furniture,299.99,2024,4,April,899.97
492,196,102,2,2024-12-26,James,Newton,annataylor@example.net,VA,Phone,Electronics,699.99,2024,12,December,1399.98
493,44,101,3,2024-11-09,Timothy,Allen,john20@example.net,TX,Laptop,Electronics,899.99,2024,11,November,2699.9700000000003
494,194,105,1,2024-10-19,Rebecca,Hampton,alexisnelson@example.net,FL,Monitor,Electronics,199.99,2024,10,October,199.99
496,120,101,1,2024-01-04,Brian,Parker,anthonycole@example.com,FL,Laptop,Electronics,899.99,2024,1,January,899.99
497,199,104,4,2024-09-27,Stacy,Oliver,qpatel@example.org,TX,Chair,Furniture,129.99,2024,9,September,519.96
498,180,101,2,2024-05-02,Charles,Bonilla,janice57@example.com,TX,Laptop,Electronics,899.99,2024,5,May,1799.98
499,39,103,1,2024-09-08,Crystal,Jones,amy75@example.com,CA,Desk,Furniture,299.99,2024,9,September,299.99
500,111,105,1,2024-07-01,John,Mueller,yhunt@example.net,VA,Monitor,Electronics,199.99,2024,7,July,199.99
501,82,102,2,2024-12-06,Cynthia,Delgado,gdowns@example.com,TX,Phone,Electronics,699.99,2024,12,December,1399.98
502,113,101,4,2024-02-16,Shelby,Garcia,mindychavez@example.org,VA,Laptop,Electronics,899.99,2024,2,February,3599.96
504,64,104,4,2024-10-30,Tyler,Clark,howardrobert@example.org,TX,Chair,Furniture,129.99,2024,10,October,519.96
505,49,103,2,2024-02-09,Glenn,Williams,chall@example.com,CA,Desk,Furniture,299.99,2024,2,February,599.98
506,173,105,3,2024-12-17,Brian,Dorsey,sford@example.org,VA,Monitor,Electronics,199.99,2024,12,December,599.97
507,139,103,5,2024-11-04,David,Schmidt,cynthia19@example.net,FL,Desk,Furniture,299.99,2024,11,November,1499.95
508,3,101,1,2024-01-07,Lisa,Garcia,cunninghamtimothy@example.com,CA,Laptop,Electronics,899.99,2024,1,January,899.99
509,96,104,1,2024-03-27,Randy,Davis,xhart@example.net,FL,Chair,Furniture,129.99,2024,3,March,129.99
510,156,104,3,2024-02-10,Amanda,Bradley,briggstammy@example.com,CA,Chair,Furniture,129.99,2024,2,February,389.97
512,184,104,2,2024-01-22,Jack,Krueger,melanie39@example.net,CA,Chair,Furniture,129.99,2024,1,January,259.98
513,123,101,5,2024-05-11,Amber,Klein,qblackburn@example.com,CA,Laptop,Electronics,899.99,2024,5,May,4499.95
514,20,105,4,2024-07-22,Sydney,Jones,amanda75@example.org,FL,Monitor,Electronics,199.99,2024,7,July,799.96
515,44,103,5,2024-12-20,Timothy,Allen,john20@example.net,TX,Desk,Furniture,299.99,2024,12,December,1499.95
516,52,103,1,2024-02-16,Ashley,Preston,lauren62@example.org,FL,Desk,Furniture,299.99,2024,2,February,299.99
517,90,105,2,2024-06-02,Joseph,Walker,wilsonjessica@example.org,TX,Monitor,Electronics,199.99,2024,6,June,399.98
518,95,101,1,2024-09-26,Matthew,Taylor,sararice@example.net,FL,Laptop,Electronics,899.99,2024,9,September,899.99
519,92,102,2,2024-03-09,Elizabeth,Wood,djenkins@example.org,CA,Phone,Electronics,699.99,2024,3,March,1399.98
520,97,105,5,2024-08-25,Daniel,Gallagher,randalldurham@example.net,CA,Monitor,Electronics,199.99,2024,8,August,999.95
521,195,103,3,2024-02-26,Russell,Sanchez,uhubbard@example.net,NY,Desk,Furniture,299.99,2024,2,February,899.97
522,131,104,3,2024-02-13,Robert,Butler,uwilliams@example.com,TX,Chair,Furniture,129.99,2024,2,February,389.97
523,7,105,1,2024-10-29,Jacob,Johnson,wilsonjason@example.org,CA,Monitor,Electronics,199.99,2024,10,October,199.99
525,136,101,2,2024-03-16,Ross,Tyler,williamssamuel@example.org,VA,Laptop,Electronics,899.99,2024,3,March,1799.98
526,140,103,5,2024-05-22,Lisa,Ross,matthewsashley@example.org,CA,Desk,Furniture,299.99,2024,5,May,1499.95
527,32,104,2,2024-03-27,Michelle,Green,cynthia85@example.com,NY,Chair,Furniture,129.99,2024,3,March,259.98
528,109,104,4,2024-11-26,Raymond,Moreno,amontgomery@example.com,FL,Chair,Furniture,129.99,2024,11,November,519.96
529,47,105,1,2024-04-28,Katherine,Odonnell,oflores@example.com,TX,Monitor,Electronics,199.99,2024,4,April,199.99
530,95,102,4,2024-10-26,Matthew,Taylor,sararice@example.net,FL,Phone,Electronics,699.99,2024,10,October,2799.96
531,162,102,2,2024-03-30,Melissa,Kelly,patrickbuck@example.net,CA,Phone,Electronics,699.99,2024,3,March,1399.98
532,56,105,5,2024-09-28,Shirley,Rodriguez,jeremymarshall@example.com,CA,Monitor,Electronics,199.99,2024,9,September,999.95
533,161,103,4,2024-01-11,Sydney,Walker,ramirezalison@example.com,NY,Desk,Furniture,299.99,2024,1,January,1199.96
534,32,104,5,2024-04-01,Michelle,Green,cynthia85@example.com,NY,Chair,Furniture,129.99,2024,4,April,649.95
535,168,103,4,2024-08-08,Cindy,Leonard,brendan61@example.com,NY,Desk,Furniture,299.99,2024,8,August,1199.96
536,8,102,3,2024-05-24,Donna,Hunter,sparker@example.org,CA,Phone,Electronics,699.99,2024,5,May,2099.9700000000003
538,89,105,3,2024-11-17,Barbara,Salas,robertsjulie@example.org,VA,Monitor,Electronics,199.99,2024,11,November,599.97
539,121,104,2,2024-05-27,Laura,Hernandez,barbaramaynard@example.net,CA,Chair,Furniture,129.99,2024,5,May,259.98
540,137,104,1,2024-12-06,Lisa,Evans,oneillamanda@example.org,TX,Chair,Furniture,129.99,2024,12,December,129.99
541,28,104,3,2024-05-18,Kimberly,Johnson,brittany14@example.net,FL,Chair,Furniture,129.99,2024,5,May,389.97
542,65,101,4,2024-11-20,Robert,Lee,jonathanwallace@example.net,NY,Laptop,Electronics,899.99,2024,11,November,3599.96
543,123,101,5,2024-12-26,Amber,Klein,qblackburn@example.com,CA,Laptop,Electronics,899.99,2024,12,December,4499.95
544,194,102,1,2024-01-24,Rebecca,Hampton,alexisnelson@example.net,FL,Phone,Electronics,699.99,2024,1,January,699.99
545,140,105,4,2024-08-01,Lisa,Ross,matthewsashley@example.org,CA,Monitor,Electronics,199.99,2024,8,August,799.96
546,180,101,4,2024-07-05,Charles,Bonilla,janice57@example.com,TX,Laptop,Electronics,899.99,2024,7,July,3599.96
547,163,105,4,2024-05-12,Terri,Dalton,jeremyhays@example.org,CA,Monitor,Electronics,199.99,2024,5,May,799.96
548,131,102,4,2024-06-13,Robert,Butler,uwilliams@example.com,TX,Phone,Electronics,699.99,2024,6,June,2799.96
549,42,105,3,2024-03-04,Amanda,Wilson,gibsonpatrick@example.com,NY,Monitor,Electronics,199.99,2024,3,March,599.97
550,187,103,2,2024-05-27,Misty,Weber,zlee@example.com,CA,Desk,Furniture,299.99,2024,5,May,599.98
551,82,103,1,2024-05-18,Cynthia,Delgado,gdowns@example.com,TX,Desk,Furniture,299.99,2024,5,May,299.99
552,154,105,1,2024-11-25,Erin,Zhang,stokesalexander@example.net,NY,Monitor,Electronics,199.99,2024,11,November,199.99
553,174,104,4,2024-09-17,Joseph,Fisher,nathaniel71@example.com,TX,Chair,Furniture,129.99,2024,9,September,519.96
554,103,105,5,2024-11-05,Donna,Cox,don19@example.com,VA,Monitor,Electronics,199.99,2024,11,November,999.95
555,142,101,2,2024-12-12,Lauren,Johnson,todd83@example.net,CA,Laptop,Electronics,899.99,2024,12,December,1799.98
556,139,105,2,2024-10-23,David,Schmidt,cynthia19@example.net,FL,Monitor,Electronics,199.99,2024,10,October,399.98
557,152,102,5,2024-12-08,Sherry,Delacruz,pmorris@example.org,TX,Phone,Electronics,699.99,2024,12,December,3499.95
558,138,101,2,2024-07-30,James,Lawson,khenderson@example.net,TX,Laptop,Electronics,899.99,2024,7,July,1799.98
560,188,101,3,2024-07-14,Sally,Ramsey,lhughes@example.org,VA,Laptop,Electronics,899.99,2024,7,July,2699.9700000000003
561,66,104,3,2024-08-07,Willie,Barnett,alexiswilson@example.org,TX,Chair,Furniture,129.99,2024,8,August,389.97
563,40,102,1,2024-02-26,Tanner,Richardson,colleen76@example.org,NY,Phone,Electronics,699.99,2024,2,February,699.99
564,82,105,2,2024-10-11,Cynthia,Delgado,gdowns@example.com,TX,Monitor,Electronics,199.99,2024,10,October,399.98
565,78,101,3,2024-09-05,Denise,Cruz,melissa99@example.com,CA,Laptop,Electronics,899.99,2024,9,September,2699.9700000000003
566,38,104,4,2024-01-07,Vicki,Lee,jramos@example.org,VA,Chair,Furniture,129.99,2024,1,January,519.96
569,67,105,1,2024-09-29,Natalie,Calhoun,obrienjane@example.net,CA,Monitor,Electronics,199.99,2024,9,September,199.99
570,21,102,2,2024-01-02,Natasha,Morris,qcochran@example.org,TX,Phone,Electronics,699.99,2024,1,January,1399.98
571,191,102,4,2024-02-07,Teresa,Lopez,pamelajohnson@example.net,TX,Phone,Electronics,699.99,2024,2,February,2799.96
572,66,102,3,2024-11-04,Willie,Barnett,alexiswilson@example.org,TX,Phone,Electronics,699.99,2024,11,November,2099.9700000000003
573,108,101,2,2024-09-03,Michael,Flores,mary94@example.org,CA,Laptop,Electronics,899.99,2024,9,September,1799.98
574,66,105,5,2024-11-14,Willie,Barnett,alexiswilson@example.org,TX,Monitor,Electronics,199.99,2024,11,November,999.95
575,164,102,1,2024-01-13,David,Decker,tbentley@example.org,TX,Phone,Electronics,699.99,2024,1,January,699.99
576,51,104,2,2024-04-29,Kristy,Alexander,marysanchez@example.org,VA,Chair,Furniture,129.99,2024,4,April,259.98
577,142,102,4,2024-10-11,Lauren,Johnson,todd83@example.net,CA,Phone,Electronics,699.99,2024,10,October,2799.96
578,127,102,3,2024-04-20,Kurt,Barnes,romandaniel@example.com,TX,Phone,Electronics,699.99,2024,4,April,2099.9700000000003
579,117,101,5,2024-09-17,Hannah,Myers,simonstephanie@example.net,FL,Laptop,Electronics,899.99,2024,9,September,4499.95
580,75,105,1,2024-10-15,Drew,Rangel,udominguez@example.org,VA,Monitor,Electronics,199.99,2024,10,October,199.99
581,50,103,3,2024-03-11,Scott,Simon,xedwards@example.net,CA,Desk,Furniture,299.99,2024,3,March,899.97
582,191,104,3,2024-09-05,Teresa,Lopez,pamelajohnson@example.net,TX,Chair,Furniture,129.99,2024,9,September,389.97
583,91,104,4,2024-10-13,Richard,Woods,josephbutler@example.com,NY,Chair,Furniture,129.99,2024,10,October,519.96
584,115,103,1,2024-02-20,Kimberly,Crawford,rodriguezashley@example.net,TX,Desk,Furniture,299.99,2024,2,February,299.99
585,191,104,1,2024-07-19,Teresa,Lopez,pamelajohnson@example.net,TX,Chair,Furniture,129.99,2024,7,July,129.99
586,79,104,3,2024-07-10,Latasha,Farmer,eduncan@example.org,VA,Chair,Furniture,129.99,2024,7,July,389.97
587,189,105,2,2024-04-29,Diane,Lewis,pmarquez@example.net,FL,Monitor,Electronics,199.99,2024,4,April,399.98
588,159,103,2,2024-06-06,Melanie,Sanchez,tina10@example.net,TX,Desk,Furniture,299.99,2024,6,June,599.98
589,182,103,1,2024-09-27,Bruce,Sullivan,williamsandres@example.net,TX,Desk,Furniture,299.99,2024,9,September,299.99
590,132,101,2,2024-03-21,Michael,Clark,aprilramsey@example.net,TX,Laptop,Electronics,899.99,2024,3,March,1799.98
591,125,101,1,2024-09-24,Gabriella,Farrell,ysanford@example.net,NY,Laptop,Electronics,899.99,2024,9,September,899.99
592,35,104,3,2024-10-05,Logan,Glover,robyn80@example.org,CA,Chair,Furniture,129.99,2024,10,October,389.97
593,179,103,2,2024-08-01,Eric,King,rjackson@example.com,CA,Desk,Furniture,299.99,2024,8,August,599.98
594,71,101,2,2024-02-22,Adrian,Carlson,melissa95@example.com,FL,Laptop,Electronics,899.99,2024,2,February,1799.98
595,141,104,5,2024-07-02,Andrea,Shannon,coreyoliver@example.com,FL,Chair,Furniture,129.99,2024,7,July,649.95
596,132,101,2,2024-03-19,Michael,Clark,aprilramsey@example.net,TX,Laptop,Electronics,899.99,2024,3,March,1799.98
597,174,103,5,2024-09-25,Joseph,Fisher,nathaniel71@example.com,TX,Desk,Furniture,299.99,2024,9,September,1499.95
598,62,101,1,2024-06-04,Kimberly,Hamilton,waynesmith@example.com,FL,Laptop,Electronics,899.99,2024,6,June,899.99
599,108,101,2,2024-03-27,Michael,Flores,mary94@example.org,CA,Laptop,Electronics,899.99,2024,3,March,1799.98
600,95,103,4,2024-04-07,Matthew,Taylor,sararice@example.net,FL,Desk,Furniture,299.99,2024,4,April,1199.96
601,115,101,5,2024-12-27,Kimberly,Crawford,rodriguezashley@example.net,TX,Laptop,Electronics,899.99,2024,12,December,4499.95
602,103,105,1,2024-06-10,Donna,Cox,don19@example.com,VA,Monitor,Electronics,199.99,2024,6,June,199.99
603,169,102,1,2024-10-28,Heather,Wolfe,wgraham@example.net,CA,Phone,Electronics,699.99,2024,10,October,699.99
604,1,101,5,2024-10-01,Erika,Ferguson,morgan43@example.net,NY,Laptop,Electronics,899.99,2024,10,October,4499.95
605,139,101,5,2024-07-31,David,Schmidt,cynthia19@example.net,FL,Laptop,Electronics,899.99,2024,7,July,4499.95
606,69,105,5,2024-08-16,John,Ortega,jamesdebra@example.com,CA,Monitor,Electronics,199.99,2024,8,August,999.95
607,68,103,5,2024-03-09,Brittney,Banks,pcook@example.org,VA,Desk,Furniture,299.99,2024,3,March,1499.95
608,76,102,1,2024-06-24,Charles,Perez,fgarcia@example.com,VA,Phone,Electronics,699.99,2024,6,June,699.99
609,9,104,1,2024-04-08,James,Marks,tammymoore@example.net,TX,Chair,Furniture,129.99,2024,4,April,129.99
610,102,103,4,2024-11-25,Melissa,Thomas,jennifercox@example.org,FL,Desk,Furniture,299.99,2024,11,November,1199.96
611,158,102,5,2024-11-15,Jeffrey,Armstrong,velezcorey@example.com,VA,Phone,Electronics,699.99,2024,11,November,3499.95
612,142,104,3,2024-06-07,Lauren,Johnson,todd83@example.net,CA,Chair,Furniture,129.99,2024,6,June,389.97
613,195,102,1,2024-02-17,Russell,Sanchez,uhubbard@example.net,NY,Phone,Electronics,699.99,2024,2,February,699.99
614,124,105,5,2024-07-30,Deanna,Phillips,gabriellabond@example.net,TX,Monitor,Electronics,199.99,2024,7,July,999.95
615,154,101,4,2024-04-01,Erin,Zhang,stokesalexander@example.net,NY,Laptop,Electronics,899.99,2024,4,April,3599.96
616,90,101,3,2024-01-28,Joseph,Walker,wilsonjessica@example.org,TX,Laptop,Electronics,899.99,2024,1,January,2699.9700000000003
619,152,101,5,2024-11-24,Sherry,Delacruz,pmorris@example.org,TX,Laptop,Electronics,899.99,2024,11,November,4499.95
620,47,102,4,2024-07-30,Katherine,Odonnell,oflores@example.com,TX,Phone,Electronics,699.99,2024,7,July,2799.96
621,59,101,3,2024-03-06,Anthony,Jones,lbartlett@example.net,FL,Laptop,Electronics,899.99,2024,3,March,2699.9700000000003
622,61,101,3,2024-09-28,David,Parks,mariamyers@example.org,CA,Laptop,Electronics,899.99,2024,9,September,2699.9700000000003
623,161,102,5,2024-10-12,Sydney,Walker,ramirezalison@example.com,NY,Phone,Electronics,699.99,2024,10,October,3499.95
624,200,104,5,2024-03-06,Zachary,Hodge,stephanie70@example.net,VA,Chair,Furniture,129.99,2024,3,March,649.95
626,125,104,1,2024-06-26,Gabriella,Farrell,ysanford@example.net,NY,Chair,Furniture,129.99,2024,6,June,129.99
627,24,103,4,2024-02-17,William,Wright,garrett16@example.net,TX,Desk,Furniture,299.99,2024,2,February,1199.96
629,162,104,5,2024-01-24,Melissa,Kelly,patrickbuck@example.net,CA,Chair,Furniture,129.99,2024,1,January,649.95
630,194,102,4,2024-06-16,Rebecca,Hampton,alexisnelson@example.net,FL,Phone,Electronics,699.99,2024,6,June,2799.96
631,168,102,5,2024-11-21,Cindy,Leonard,brendan61@example.com,NY,Phone,Electronics,699.99,2024,11,November,3499.95
632,32,104,2,2024-06-24,Michelle,Green,cynthia85@example.com,NY,Chair,Furniture,129.99,2024,6,June,259.98
633,184,102,3,2024-06-09,Jack,Krueger,melanie39@example.net,CA,Phone,Electronics,699.99,2024,6,June,2099.9700000000003
634,15,105,5,2024-11-16,Jennifer,Valencia,markwalls@example.net,VA,Monitor,Electronics,199.99,2024,11,November,999.95
635,163,105,3,2024-01-19,Terri,Dalton,jeremyhays@example.org,CA,Monitor,Electronics,199.99,2024,1,January,599.97
636,8,101,4,2024-11-23,Donna,Hunter,sparker@example.org,CA,Laptop,Electronics,899.99,2024,11,November,3599.96
637,64,105,4,2024-09-08,Tyler,Clark,howardrobert@example.org,TX,Monitor,Electronics,199.99,2024,9,September,799.96
638,127,102,3,2024-12-03,Kurt,Barnes,romandaniel@example.com,TX,Phone,Electronics,699.99,2024,12,December,2099.9700000000003
639,62,104,5,2024-11-05,Kimberly,Hamilton,waynesmith@example.com,FL,Chair,Furniture,129.99,2024,11,November,649.95
640,66,102,5,2024-09-26,Willie,Barnett,alexiswilson@example.org,TX,Phone,Electronics,699.99,2024,9,September,3499.95
641,141,102,2,2024-04-14,Andrea,Shannon,coreyoliver@example.com,FL,Phone,Electronics,699.99,2024,4,April,1399.98
642,166,102,5,2024-04-25,Matthew,Brennan,xjames@example.org,FL,Phone,Electronics,699.99,2024,4,April,3499.95
645,146,102,1,2024-09-14,Stephen,Bright,rowlandnicole@example.org,CA,Phone,Electronics,699.99,2024,9,September,699.99
646,18,101,4,2024-06-08,Donna,Barnes,aphillips@example.com,VA,Laptop,Electronics,899.99,2024,6,June,3599.96
648,102,101,1,2024-01-08,Melissa,Thomas,jennifercox@example.org,FL,Laptop,Electronics,899.99,2024,1,January,899.99
649,34,102,2,2024-04-11,Matthew,Gray,maldonadodaniel@example.org,NY,Phone,Electronics,699.99,2024,4,April,1399.98
650,128,101,4,2024-11-16,Shane,Oneal,zimmermanandre@example.net,VA,Laptop,Electronics,899.99,2024,11,November,3599.96
651,115,101,5,2024-06-09,Kimberly,Crawford,rodriguezashley@example.net,TX,Laptop,Electronics,899.99,2024,6,June,4499.95
652,183,102,4,2024-08-07,Patrick,Jimenez,campbelllindsey@example.org,NY,Phone,Electronics,699.99,2024,8,August,2799.96
654,17,102,3,2024-12-03,Jesus,Riddle,lwright@example.net,FL,Phone,Electronics,699.99,2024,12,December,2099.9700000000003
655,180,105,4,2024-06-12,Charles,Bonilla,janice57@example.com,TX,Monitor,Electronics,199.99,2024,6,June,799.96
656,128,101,2,2024-06-13,Shane,Oneal,zimmermanandre@example.net,VA,Laptop,Electronics,899.99,2024,6,June,1799.98
657,85,101,1,2024-03-01,Marvin,Wilson,juliannelson@example.net,FL,Laptop,Electronics,899.99,2024,3,March,899.99
658,12,104,1,2024-04-20,Angela,Thompson,raymond07@example.org,TX,Chair,Furniture,129.99,2024,4,April,129.99
659,200,101,3,2024-08-07,Zachary,Hodge,stephanie70@example.net,VA,Laptop,Electronics,899.99,2024,8,August,2699.9700000000003
660,165,102,1,2024-03-23,Susan,Ward,traceymassey@example.org,TX,Phone,Electronics,699.99,2024,3,March,699.99
661,178,103,3,2024-08-02,Thomas,Murphy,joshua54@example.com,NY,Desk,Furniture,299.99,2024,8,August,899.97
662,82,104,5,2024-02-23,Cynthia,Delgado,gdowns@example.com,TX,Chair,Furniture,129.99,2024,2,February,649.95
663,32,102,1,2024-09-06,Michelle,Green,cynthia85@example.com,NY,Phone,Electronics,699.99,2024,9,September,699.99
664,119,102,4,2024-04-06,Susan,Reed,johnsongerald@example.net,CA,Phone,Electronics,699.99,2024,4,April,2799.96
665,189,105,1,2024-04-12,Diane,Lewis,pmarquez@example.net,FL,Monitor,Electronics,199.99,2024,4,April,199.99
666,86,105,5,2024-05-14,Angelica,Perry,sean79@example.net,NY,Monitor,Electronics,199.99,2024,5,May,999.95
667,62,104,1,2024-06-14,Kimberly,Hamilton,waynesmith@example.com,FL,Chair,Furniture,129.99,2024,6,June,129.99
668,34,102,5,2024-10-03,Matthew,Gray,maldonadodaniel@example.org,NY,Phone,Electronics,699.99,2024,10,October,3499.95
669,113,104,2,2024-08-24,Shelby,Garcia,mindychavez@example.org,VA,Chair,Furniture,129.99,2024,8,August,259.98
670,152,103,2,2024-03-16,Sherry,Delacruz,pmorris@example.org,TX,Desk,Furniture,299.99,2024,3,March,599.98
671,70,102,4,2024-01-14,Stephanie,Harrison,ashleyvega@example.com,TX,Phone,Electronics,699.99,2024,1,January,2799.96
673,174,104,4,2024-12-13,Joseph,Fisher,nathaniel71@example.com,TX,Chair,Furniture,129.99,2024,12,December,519.96
674,190,103,2,2024-12-17,Kristi,Robles,rstevens@example.net,CA,Desk,Furniture,299.99,2024,12,December,599.98
675,89,101,5,2024-04-03,Barbara,Salas,robertsjulie@example.org,VA,Laptop,Electronics,899.99,2024,4,April,4499.95
677,80,103,1,2024-08-28,Kelly,Murray,mariabeck@example.net,FL,Desk,Furniture,299.99,2024,8,August,299.99
678,161,102,1,2024-11-01,Sydney,Walker,ramirezalison@example.com,NY,Phone,Electronics,699.99,2024,11,November,699.99
679,182,104,3,2024-07-01,Bruce,Sullivan,williamsandres@example.net,TX,Chair,Furniture,129.99,2024,7,July,389.97
681,8,101,5,2024-02-15,Donna,Hunter,sparker@example.org,CA,Laptop,Electronics,899.99,2024,2,February,4499.95
682,44,101,4,2024-11-13,Timothy,Allen,john20@example.net,TX,Laptop,Electronics,899.99,2024,11,November,3599.96
683,96,101,4,2024-05-01,Randy,Davis,xhart@example.net,FL,Laptop,Electronics,899.99,2024,5,May,3599.96
684,69,102,1,2024-07-29,John,Ortega,jamesdebra@example.com,CA,Phone,Electronics,699.99,2024,7,July,699.99
685,153,102,2,2024-04-25,Craig,Boyer,sandramiranda@example.org,TX,Phone,Electronics,699.99,2024,4,April,1399.98
686,166,105,4,2024-07-18,Matthew,Brennan,xjames@example.org,FL,Monitor,Electronics,199.99,2024,7,July,799.96
687,167,103,5,2024-09-01,Karen,Hernandez,ldalton@example.com,VA,Desk,Furniture,299.99,2024,9,September,1499.95
688,191,105,2,2024-12-12,Teresa,Lopez,pamelajohnson@example.net,TX,Monitor,Electronics,199.99,2024,12,December,399.98
690,129,103,2,2024-03-29,Janet,Stanley,aguirreaustin@example.org,FL,Desk,Furniture,299.99,2024,3,March,599.98
691,191,103,1,2024-04-27,Teresa,Lopez,pamelajohnson@example.net,TX,Desk,Furniture,299.99,2024,4,April,299.99
692,72,101,1,2024-06-13,Travis,Shaw,jennaanderson@example.org,CA,Laptop,Electronics,899.99,2024,6,June,899.99
693,184,104,2,2024-02-13,Jack,Krueger,melanie39@example.net,CA,Chair,Furniture,129.99,2024,2,February,259.98
694,20,101,2,2024-08-27,Sydney,Jones,amanda75@example.org,FL,Laptop,Electronics,899.99,2024,8,August,1799.98
695,37,102,5,2024-12-10,Derrick,Le,mary86@example.org,NY,Phone,Electronics,699.99,2024,12,December,3499.95
696,134,105,4,2024-05-31,Priscilla,Wilson,smithjennifer@example.com,VA,Monitor,Electronics,199.99,2024,5,May,799.96
697,122,105,1,2024-10-07,Jeremy,Williams,wesley55@example.org,NY,Monitor,Electronics,199.99,2024,10,October,199.99
698,23,103,2,2024-04-20,Elizabeth,Martin,kimberlycrane@example.net,CA,Desk,Furniture,299.99,2024,4,April,599.98
699,18,102,2,2024-07-14,Donna,Barnes,aphillips@example.com,VA,Phone,Electronics,699.99,2024,7,July,1399.98
700,118,105,3,2024-04-11,Marcus,Goodwin,brandy72@example.com,FL,Monitor,Electronics,199.99,2024,4,April,599.97
701,135,105,4,2024-05-19,Lydia,Phillips,ashley37@example.com,CA,Monitor,Electronics,199.99,2024,5,May,799.96
702,52,103,4,2024-03-12,Ashley,Preston,lauren62@example.org,FL,Desk,Furniture,299.99,2024,3,March,1199.96
703,79,105,5,2024-02-05,Latasha,Farmer,eduncan@example.org,VA,Monitor,Electronics,199.99,2024,2,February,999.95
704,193,101,2,2024-07-20,Laura,Figueroa,kurt05@example.com,VA,Laptop,Electronics,899.99,2024,7,July,1799.98
705,135,102,4,2024-09-08,Lydia,Phillips,ashley37@example.com,CA,Phone,Electronics,699.99,2024,9,September,2799.96
706,196,105,3,2024-06-08,James,Newton,annataylor@example.net,VA,Monitor,Electronics,199.99,2024,6,June,599.97
707,103,101,2,2024-08-31,Donna,Cox,don19@example.com,VA,Laptop,Electronics,899.99,2024,8,August,1799.98
708,139,102,2,2024-04-27,David,Schmidt,cynthia19@example.net,FL,Phone,Electronics,699.99,2024,4,April,1399.98
709,99,102,1,2024-10-26,Dominic,Green,isaacrice@example.org,TX,Phone,Electronics,699.99,2024,10,October,699.99
711,50,101,4,2024-09-03,Scott,Simon,xedwards@example.net,CA,Laptop,Electronics,899.99,2024,9,September,3599.96
712,168,101,5,2024-10-16,Cindy,Leonard,brendan61@example.com,NY,Laptop,Electronics,899.99,2024,10,October,4499.95
713,56,105,5,2024-02-07,Shirley,Rodriguez,jeremymarshall@example.com,CA,Monitor,Electronics,199.99,2024,2,February,999.95
714,169,104,2,2024-08-11,Heather,Wolfe,wgraham@example.net,CA,Chair,Furniture,129.99,2024,8,August,259.98
715,178,103,5,2024-03-03,Thomas,Murphy,joshua54@example.com,NY,Desk,Furniture,299.99,2024,3,March,1499.95
716,61,102,5,2024-04-21,David,Parks,mariamyers@example.org,CA,Phone,Electronics,699.99,2024,4,April,3499.95
717,69,103,1,2024-09-08,John,Ortega,jamesdebra@example.com,CA,Desk,Furniture,299.99,2024,9,September,299.99
719,78,103,5,2024-04-06,Denise,Cruz,melissa99@example.com,CA,Desk,Furniture,299.99,2024,4,April,1499.95
720,142,103,3,2024-03-07,Lauren,Johnson,todd83@example.net,CA,Desk,Furniture,299.99,2024,3,March,899.97
721,6,105,3,2024-09-27,James,Williams,anthony43@example.com,NY,Monitor,Electronics,199.99,2024,9,September,599.97
722,33,105,4,2024-10-06,Lisa,Bautista,probinson@example.net,NY,Monitor,Electronics,199.99,2024,10,October,799.96
723,38,103,4,2024-08-11,Vicki,Lee,jramos@example.org,VA,Desk,Furniture,299.99,2024,8,August,1199.96
724,72,103,1,2024-01-23,Travis,Shaw,jennaanderson@example.org,CA,Desk,Furniture,299.99,2024,1,January,299.99
725,114,105,2,2024-05-24,Jennifer,Holt,andrew80@example.org,VA,Monitor,Electronics,199.99,2024,5,May,399.98
726,95,104,2,2024-11-14,Matthew,Taylor,sararice@example.net,FL,Chair,Furniture,129.99,2024,11,November,259.98
727,7,103,3,2024-06-29,Jacob,Johnson,wilsonjason@example.org,CA,Desk,Furniture,299.99,2024,6,June,899.97
728,8,103,5,2024-02-26,Donna,Hunter,sparker@example.org,CA,Desk,Furniture,299.99,2024,2,February,1499.95
729,95,103,2,2024-11-18,Matthew,Taylor,sararice@example.net,FL,Desk,Furniture,299.99,2024,11,November,599.98
730,199,101,5,2024-07-18,Stacy,Oliver,qpatel@example.org,TX,Laptop,Electronics,899.99,2024,7,July,4499.95
731,67,102,1,2024-01-07,Natalie,Calhoun,obrienjane@example.net,CA,Phone,Electronics,699.99,2024,1,January,699.99
732,200,103,5,2024-12-29,Zachary,Hodge,stephanie70@example.net,VA,Desk,Furniture,299.99,2024,12,December,1499.95
734,162,102,4,2024-11-25,Melissa,Kelly,patrickbuck@example.net,CA,Phone,Electronics,699.99,2024,11,November,2799.96
735,65,103,4,2024-10-03,Robert,Lee,jonathanwallace@example.net,NY,Desk,Furniture,299.99,2024,10,October,1199.96
736,14,104,5,2024-11-03,Kathleen,Bond,nhall@example.org,CA,Chair,Furniture,129.99,2024,11,November,649.95
737,69,105,2,2024-09-24,John,Ortega,jamesdebra@example.com,CA,Monitor,Electronics,199.99,2024,9,September,399.98
738,45,102,4,2024-03-25,Stacey,Hopkins,christopher39@example.com,NY,Phone,Electronics,699.99,2024,3,March,2799.96
739,144,102,5,2024-09-12,Donald,Sawyer,smithvalerie@example.org,CA,Phone,Electronics,699.99,2024,9,September,3499.95
740,154,101,4,2024-02-05,Erin,Zhang,stokesalexander@example.net,NY,Laptop,Electronics,899.99,2024,2,February,3599.96
741,119,105,5,2024-04-19,Susan,Reed,johnsongerald@example.net,CA,Monitor,Electronics,199.99,2024,4,April,999.95
742,157,102,3,2024-03-15,Kathleen,Figueroa,raymond57@example.com,FL,Phone,Electronics,699.99,2024,3,March,2099.9700000000003
743,90,103,4,2024-10-06,Joseph,Walker,wilsonjessica@example.org,TX,Desk,Furniture,299.99,2024,10,October,1199.96
744,32,101,4,2024-08-13,Michelle,Green,cynthia85@example.com,NY,Laptop,Electronics,899.99,2024,8,August,3599.96
745,127,105,1,2024-05-24,Kurt,Barnes,romandaniel@example.com,TX,Monitor,Electronics,199.99,2024,5,May,199.99
746,114,105,4,2024-12-03,Jennifer,Holt,andrew80@example.org,VA,Monitor,Electronics,199.99,2024,12,December,799.96
747,64,104,3,2024-03-02,Tyler,Clark,howardrobert@example.org,TX,Chair,Furniture,129.99,2024,3,March,389.97
748,174,101,3,2024-02-05,Joseph,Fisher,nathaniel71@example.com,TX,Laptop,Electronics,899.99,2024,2,February,2699.9700000000003
749,131,105,2,2024-12-24,Robert,Butler,uwilliams@example.com,TX,Monitor,Electronics,199.99,2024,12,December,399.98
750,106,103,1,2024-08-15,Kyle,Pitts,kathryn24@example.org,NY,Desk,Furniture,299.99,2024,8,August,299.99
751,155,102,5,2024-09-19,Douglas,Hicks,jeremy94@example.net,CA,Phone,Electronics,699.99,2024,9,September,3499.95
752,110,103,4,2024-08-22,James,Gutierrez,burtoneric@example.net,FL,Desk,Furniture,299.99,2024,8,August,1199.96
753,98,102,5,2024-05-01,Elizabeth,Hahn,william48@example.net,FL,Phone,Electronics,699.99,2024,5,May,3499.95
754,125,104,3,2024-09-10,Gabriella,Farrell,ysanford@example.net,NY,Chair,Furniture,129.99,2024,9,September,389.97
755,24,104,4,2024-09-17,William,Wright,garrett16@example.net,TX,Chair,Furniture,129.99,2024,9,September,519.96
756,55,104,3,2024-02-12,Robin,Hall,brooksjacob@example.com,CA,Chair,Furniture,129.99,2024,2,February,389.97
758,65,105,3,2024-08-09,Robert,Lee,jonathanwallace@example.net,NY,Monitor,Electronics,199.99,2024,8,August,599.97
759,11,101,2,2024-03-31,Melissa,Bradley,lmullen@example.org,CA,Laptop,Electronics,899.99,2024,3,March,1799.98
760,117,102,1,2024-08-30,Hannah,Myers,simonstephanie@example.net,FL,Phone,Electronics,699.99,2024,8,August,699.99
761,75,103,1,2024-04-03,Drew,Rangel,udominguez@example.org,VA,Desk,Furniture,299.99,2024,4,April,299.99
763,7,104,1,2024-11-15,Jacob,Johnson,wilsonjason@example.org,CA,Chair,Furniture,129.99,2024,11,November,129.99
764,179,105,2,2024-02-13,Eric,King,rjackson@example.com,CA,Monitor,Electronics,199.99,2024,2,February,399.98
765,127,103,4,2024-08-21,Kurt,Barnes,romandaniel@example.com,TX,Desk,Furniture,299.99,2024,8,August,1199.96
766,47,104,2,2024-01-04,Katherine,Odonnell,oflores@example.com,TX,Chair,Furniture,129.99,2024,1,January,259.98
767,126,101,3,2024-02-02,Andrew,Garcia,vanessacalderon@example.net,FL,Laptop,Electronics,899.99,2024,2,February,2699.9700000000003
769,65,105,1,2024-01-12,Robert,Lee,jonathanwallace@example.net,NY,Monitor,Electronics,199.99,2024,1,January,199.99
770,145,105,5,2024-04-09,Paul,Robinson,susanelliott@example.org,NY,Monitor,Electronics,199.99,2024,4,April,999.95
773,119,105,1,2024-08-31,Susan,Reed,johnsongerald@example.net,CA,Monitor,Electronics,199.99,2024,8,August,199.99
774,169,103,3,2024-03-07,Heather,Wolfe,wgraham@example.net,CA,Desk,Furniture,299.99,2024,3,March,899.97
775,116,102,3,2024-03-16,Jesus,Grant,rschmidt@example.net,FL,Phone,Electronics,699.99,2024,3,March,2099.9700000000003
776,18,101,3,2024-10-01,Donna,Barnes,aphillips@example.com,VA,Laptop,Electronics,899.99,2024,10,October,2699.9700000000003
777,152,103,3,2024-11-07,Sherry,Delacruz,pmorris@example.org,TX,Desk,Furniture,299.99,2024,11,November,899.97
778,190,103,2,2024-09-08,Kristi,Robles,rstevens@example.net,CA,Desk,Furniture,299.99,2024,9,September,599.98
779,8,102,5,2024-04-01,Donna,Hunter,sparker@example.org,CA,Phone,Electronics,699.99,2024,4,April,3499.95
780,44,103,5,2024-06-01,Timothy,Allen,john20@example.net,TX,Desk,Furniture,299.99,2024,6,June,1499.95
781,75,103,1,2024-08-09,Drew,Rangel,udominguez@example.org,VA,Desk,Furniture,299.99,2024,8,August,299.99
782,14,105,3,2024-05-31,Kathleen,Bond,nhall@example.org,CA,Monitor,Electronics,199.99,2024,5,May,599.97
783,147,102,3,2024-07-23,Zachary,Jackson,eburns@example.net,NY,Phone,Electronics,699.99,2024,7,July,2099.9700000000003
784,40,104,4,2024-11-11,Tanner,Richardson,colleen76@example.org,NY,Chair,Furniture,129.99,2024,11,November,519.96
785,117,101,3,2024-05-08,Hannah,Myers,simonstephanie@example.net,FL,Laptop,Electronics,899.99,2024,5,May,2699.9700000000003
786,30,103,4,2024-03-05,Gerald,Smith,anita08@example.net,FL,Desk,Furniture,299.99,2024,3,March,1199.96
787,196,101,4,2024-04-09,James,Newton,annataylor@example.net,VA,Laptop,Electronics,899.99,2024,4,April,3599.96
788,86,102,3,2024-08-08,Angelica,Perry,sean79@example.net,NY,Phone,Electronics,699.99,2024,8,August,2099.9700000000003
789,1,104,3,2024-01-09,Erika,Ferguson,morgan43@example.net,NY,Chair,Furniture,129.99,2024,1,January,389.97
790,149,104,1,2024-11-14,Gary,Foley,joshua55@example.net,FL,Chair,Furniture,129.99,2024,11,November,129.99
792,8,101,4,2024-06-25,Donna,Hunter,sparker@example.org,CA,Laptop,Electronics,899.99,2024,6,June,3599.96
793,123,102,5,2024-08-22,Amber,Klein,qblackburn@example.com,CA,Phone,Electronics,699.99,2024,8,August,3499.95
795,174,102,1,2024-05-05,Joseph,Fisher,nathaniel71@example.com,TX,Phone,Electronics,699.99,2024,5,May,699.99
796,14,101,5,2024-10-15,Kathleen,Bond,nhall@example.org,CA,Laptop,Electronics,899.99,2024,10,October,4499.95
797,173,105,1,2024-02-01,Brian,Dorsey,sford@example.org,VA,Monitor,Electronics,199.99,2024,2,February,199.99
798,174,105,3,2024-06-15,Joseph,Fisher,nathaniel71@example.com,TX,Monitor,Electronics,199.99,2024,6,June,599.97
799,66,104,3,2024-06-19,Willie,Barnett,alexiswilson@example.org,TX,Chair,Furniture,129.99,2024,6,June,389.97
800,9,103,3,2024-08-14,James,Marks,tammymoore@example.net,TX,Desk,Furniture,299.99,2024,8,August,899.97
801,18,102,4,2024-11-05,Donna,Barnes,aphillips@example.com,VA,Phone,Electronics,699.99,2024,11,November,2799.96
802,114,105,4,2024-09-08,Jennifer,Holt,andrew80@example.org,VA,Monitor,Electronics,199.99,2024,9,September,799.96
803,15,105,5,2024-09-08,Jennifer,Valencia,markwalls@example.net,VA,Monitor,Electronics,199.99,2024,9,September,999.95
804,144,103,2,2024-06-07,Donald,Sawyer,smithvalerie@example.org,CA,Desk,Furniture,299.99,2024,6,June,599.98
805,154,102,4,2024-02-15,Erin,Zhang,stokesalexander@example.net,NY,Phone,Electronics,699.99,2024,2,February,2799.96
806,36,101,1,2024-11-05,Kim,Gill,murraylindsey@example.org,VA,Laptop,Electronics,899.99,2024,11,November,899.99
807,124,103,3,2024-05-30,Deanna,Phillips,gabriellabond@example.net,TX,Desk,Furniture,299.99,2024,5,May,899.97
808,157,102,1,2024-10-13,Kathleen,Figueroa,raymond57@example.com,FL,Phone,Electronics,699.99,2024,10,October,699.99
809,3,101,4,2024-05-25,Lisa,Garcia,cunninghamtimothy@example.com,CA,Laptop,Electronics,899.99,2024,5,May,3599.96
810,64,104,5,2024-11-18,Tyler,Clark,howardrobert@example.org,TX,Chair,Furniture,129.99,2024,11,November,649.95
811,163,104,2,2024-10-23,Terri,Dalton,jeremyhays@example.org,CA,Chair,Furniture,129.99,2024,10,October,259.98
812,5,101,4,2024-01-17,Amy,Sims,harrisleslie@example.org,TX,Laptop,Electronics,899.99,2024,1,January,3599.96
813,19,102,5,2024-03-18,Lisa,Anderson,castillosarah@example.com,NY,Phone,Electronics,699.99,2024,3,March,3499.95
814,95,102,3,2024-05-25,Matthew,Taylor,sararice@example.net,FL,Phone,Electronics,699.99,2024,5,May,2099.9700000000003
815,110,102,3,2024-02-19,James,Gutierrez,burtoneric@example.net,FL,Phone,Electronics,699.99,2024,2,February,2099.9700000000003
816,175,101,2,2024-03-06,Jack,Thomas,petersonnicole@example.org,TX,Laptop,Electronics,899.99,2024,3,March,1799.98
817,163,102,1,2024-12-12,Terri,Dalton,jeremyhays@example.org,CA,Phone,Electronics,699.99,2024,12,December,699.99
819,184,104,1,2024-01-09,Jack,Krueger,melanie39@example.net,CA,Chair,Furniture,129.99,2024,1,January,129.99
820,119,103,2,2024-12-21,Susan,Reed,johnsongerald@example.net,CA,Desk,Furniture,299.99,2024,12,December,599.98
821,53,105,4,2024-12-24,Jason,Walter,pmorgan@example.org,NY,Monitor,Electronics,199.99,2024,12,December,799.96
822,1,104,1,2024-02-03,Erika,Ferguson,morgan43@example.net,NY,Chair,Furniture,129.99,2024,2,February,129.99
823,129,101,5,2024-01-20,Janet,Stanley,aguirreaustin@example.org,FL,Laptop,Electronics,899.99,2024,1,January,4499.95
824,182,105,2,2024-05-29,Bruce,Sullivan,williamsandres@example.net,TX,Monitor,Electronics,199.99,2024,5,May,399.98
825,54,102,1,2024-01-02,James,Ford,wlynch@example.net,TX,Phone,Electronics,699.99,2024,1,January,699.99
826,8,101,3,2024-06-21,Donna,Hunter,sparker@example.org,CA,Laptop,Electronics,899.99,2024,6,June,2699.9700000000003
827,10,103,5,2024-06-20,William,Smith,ericksonwalter@example.org,CA,Desk,Furniture,299.99,2024,6,June,1499.95
828,158,104,3,2024-10-03,Jeffrey,Armstrong,velezcorey@example.com,VA,Chair,Furniture,129.99,2024,10,October,389.97
829,131,103,3,2024-11-27,Robert,Butler,uwilliams@example.com,TX,Desk,Furniture,299.99,2024,11,November,899.97
830,137,105,5,2024-03-01,Lisa,Evans,oneillamanda@example.org,TX,Monitor,Electronics,199.99,2024,3,March,999.95
831,162,101,2,2024-10-19,Melissa,Kelly,patrickbuck@example.net,CA,Laptop,Electronics,899.99,2024,10,October,1799.98
832,120,104,2,2024-03-11,Brian,Parker,anthonycole@example.com,FL,Chair,Furniture,129.99,2024,3,March,259.98
833,78,104,4,2024-06-24,Denise,Cruz,melissa99@example.com,CA,Chair,Furniture,129.99,2024,6,June,519.96
834,116,105,3,2024-02-22,Jesus,Grant,rschmidt@example.net,FL,Monitor,Electronics,199.99,2024,2,February,599.97
836,25,103,1,2024-02-13,Beverly,Mckinney,birdian@example.com,VA,Desk,Furniture,299.99,2024,2,February,299.99
837,134,105,3,2024-04-07,Priscilla,Wilson,smithjennifer@example.com,VA,Monitor,Electronics,199.99,2024,4,April,599.97
838,137,103,1,2024-11-21,Lisa,Evans,oneillamanda@example.org,TX,Desk,Furniture,299.99,2024,11,November,299.99
839,109,102,4,2024-02-21,Raymond,Moreno,amontgomery@example.com,FL,Phone,Electronics,699.99,2024,2,February,2799.96
840,20,104,1,2024-09-02,Sydney,Jones,amanda75@example.org,FL,Chair,Furniture,129.99,2024,9,September,129.99
842,90,104,3,2024-07-25,Joseph,Walker,wilsonjessica@example.org,TX,Chair,Furniture,129.99,2024,7,July,389.97
843,104,103,3,2024-09-16,Nancy,Buckley,yfisher@example.org,NY,Desk,Furniture,299.99,2024,9,September,899.97
844,95,103,5,2024-06-14,Matthew,Taylor,sararice@example.net,FL,Desk,Furniture,299.99,2024,6,June,1499.95
845,70,105,4,2024-11-23,Stephanie,Harrison,ashleyvega@example.com,TX,Monitor,Electronics,199.99,2024,11,November,799.96
846,86,103,2,2024-04-25,Angelica,Perry,sean79@example.net,NY,Desk,Furniture,299.99,2024,4,April,599.98
847,6,103,5,2024-10-03,James,Williams,anthony43@example.com,NY,Desk,Furniture,299.99,2024,10,October,1499.95
848,50,103,5,2024-05-28,Scott,Simon,xedwards@example.net,CA,Desk,Furniture,299.99,2024,5,May,1499.95
849,53,102,5,2024-03-09,Jason,Walter,pmorgan@example.org,NY,Phone,Electronics,699.99,2024,3,March,3499.95
850,97,105,2,2024-01-23,Daniel,Gallagher,randalldurham@example.net,CA,Monitor,Electronics,199.99,2024,1,January,399.98
852,71,104,3,2024-05-01,Adrian,Carlson,melissa95@example.com,FL,Chair,Furniture,129.99,2024,5,May,389.97
853,198,104,1,2024-12-19,Julie,Bailey,elizabethsmith@example.org,VA,Chair,Furniture,129.99,2024,12,December,129.99
856,177,104,5,2024-07-08,Melinda,Henry,tanyadrake@example.com,TX,Chair,Furniture,129.99,2024,7,July,649.95
857,7,101,5,2024-07-17,Jacob,Johnson,wilsonjason@example.org,CA,Laptop,Electronics,899.99,2024,7,July,4499.95
858,51,104,1,2024-12-18,Kristy,Alexander,marysanchez@example.org,VA,Chair,Furniture,129.99,2024,12,December,129.99
859,44,103,2,2024-05-05,Timothy,Allen,john20@example.net,TX,Desk,Furniture,299.99,2024,5,May,599.98
861,141,103,4,2024-08-16,Andrea,Shannon,coreyoliver@example.com,FL,Desk,Furniture,299.99,2024,8,August,1199.96
862,196,102,4,2024-04-13,James,Newton,annataylor@example.net,VA,Phone,Electronics,699.99,2024,4,April,2799.96
863,9,101,1,2024-11-12,James,Marks,tammymoore@example.net,TX,Laptop,Electronics,899.99,2024,11,November,899.99
864,51,101,2,2024-11-13,Kristy,Alexander,marysanchez@example.org,VA,Laptop,Electronics,899.99,2024,11,November,1799.98
865,162,102,1,2024-05-27,Melissa,Kelly,patrickbuck@example.net,CA,Phone,Electronics,699.99,2024,5,May,699.99
866,87,104,4,2024-01-09,Shane,Schwartz,zcollins@example.org,TX,Chair,Furniture,129.99,2024,1,January,519.96
867,180,104,5,2024-04-03,Charles,Bonilla,janice57@example.com,TX,Chair,Furniture,129.99,2024,4,April,649.95
868,169,102,5,2024-12-08,Heather,Wolfe,wgraham@example.net,CA,Phone,Electronics,699.99,2024,12,December,3499.95
869,75,102,5,2024-10-05,Drew,Rangel,udominguez@example.org,VA,Phone,Electronics,699.99,2024,10,October,3499.95
870,159,104,1,2024-05-07,Melanie,Sanchez,tina10@example.net,TX,Chair,Furniture,129.99,2024,5,May,129.99
871,157,105,4,2024-09-05,Kathleen,Figueroa,raymond57@example.com,FL,Monitor,Electronics,199.99,2024,9,September,799.96
872,38,103,1,2024-04-12,Vicki,Lee,jramos@example.org,VA,Desk,Furniture,299.99,2024,4,April,299.99
873,103,101,4,2024-05-12,Donna,Cox,don19@example.com,VA,Laptop,Electronics,899.99,2024,5,May,3599.96
874,159,101,2,2024-06-13,Melanie,Sanchez,tina10@example.net,TX,Laptop,Electronics,899.99,2024,6,June,1799.98
875,115,104,2,2024-01-21,Kimberly,Crawford,rodriguezashley@example.net,TX,Chair,Furniture,129.99,2024,1,January,259.98
876,86,105,3,2024-08-05,Angelica,Perry,sean79@example.net,NY,Monitor,Electronics,199.99,2024,8,August,599.97
877,91,103,4,2024-03-31,Richard,Woods,josephbutler@example.com,NY,Desk,Furniture,299.99,2024,3,March,1199.96
878,120,105,3,2024-03-09,Brian,Parker,anthonycole@example.com,FL,Monitor,Electronics,199.99,2024,3,March,599.97
879,133,101,4,2024-05-15,Sherry,Williams,clintonwarren@example.net,NY,Laptop,Electronics,899.99,2024,5,May,3599.96
880,20,101,2,2024-09-10,Sydney,Jones,amanda75@example.org,FL,Laptop,Electronics,899.99,2024,9,September,1799.98
881,41,101,3,2024-08-16,Jeffrey,Finley,sbass@example.net,CA,Laptop,Electronics,899.99,2024,8,August,2699.9700000000003
882,198,101,3,2024-03-08,Julie,Bailey,elizabethsmith@example.org,VA,Laptop,Electronics,899.99,2024,3,March,2699.9700000000003
883,65,103,4,2024-06-01,Robert,Lee,jonathanwallace@example.net,NY,Desk,Furniture,299.99,2024,6,June,1199.96
885,153,104,2,2024-04-28,Craig,Boyer,sandramiranda@example.org,TX,Chair,Furniture,129.99,2024,4,April,259.98
887,89,104,4,2024-06-20,Barbara,Salas,robertsjulie@example.org,VA,Chair,Furniture,129.99,2024,6,June,519.96
888,25,103,3,2024-04-18,Beverly,Mckinney,birdian@example.com,VA,Desk,Furniture,299.99,2024,4,April,899.97
889,65,101,3,2024-02-16,Robert,Lee,jonathanwallace@example.net,NY,Laptop,Electronics,899.99,2024,2,February,2699.9700000000003
890,90,104,5,2024-06-05,Joseph,Walker,wilsonjessica@example.org,TX,Chair,Furniture,129.99,2024,6,June,649.95
892,80,101,4,2024-07-01,Kelly,Murray,mariabeck@example.net,FL,Laptop,Electronics,899.99,2024,7,July,3599.96
893,113,103,2,2024-04-04,Shelby,Garcia,mindychavez@example.org,VA,Desk,Furniture,299.99,2024,4,April,599.98
896,8,101,3,2024-01-13,Donna,Hunter,sparker@example.org,CA,Laptop,Electronics,899.99,2024,1,January,2699.9700000000003
897,114,104,5,2024-06-20,Jennifer,Holt,andrew80@example.org,VA,Chair,Furniture,129.99,2024,6,June,649.95
898,146,105,4,2024-09-22,Stephen,Bright,rowlandnicole@example.org,CA,Monitor,Electronics,199.99,2024,9,September,799.96
899,45,101,3,2024-06-24,Stacey,Hopkins,christopher39@example.com,NY,Laptop,Electronics,899.99,2024,6,June,2699.9700000000003
900,168,101,1,2024-01-07,Cindy,Leonard,brendan61@example.com,NY,Laptop,Electronics,899.99,2024,1,January,899.99
901,20,101,1,2024-10-28,Sydney,Jones,amanda75@example.org,FL,Laptop,Electronics,899.99,2024,10,October,899.99
902,10,103,2,2024-08-04,William,Smith,ericksonwalter@example.org,CA,Desk,Furniture,299.99,2024,8,August,599.98
903,110,101,1,2024-02-15,James,Gutierrez,burtoneric@example.net,FL,Laptop,Electronics,899.99,2024,2,February,899.99
905,179,103,5,2024-09-17,Eric,King,rjackson@example.com,CA,Desk,Furniture,299.99,2024,9,September,1499.95
906,12,105,2,2024-03-29,Angela,Thompson,raymond07@example.org,TX,Monitor,Electronics,199.99,2024,3,March,399.98
907,133,103,2,2024-11-25,Sherry,Williams,clintonwarren@example.net,NY,Desk,Furniture,299.99,2024,11,November,599.98
908,137,104,1,2024-10-06,Lisa,Evans,oneillamanda@example.org,TX,Chair,Furniture,129.99,2024,10,October,129.99
909,191,104,5,2024-02-01,Teresa,Lopez,pamelajohnson@example.net,TX,Chair,Furniture,129.99,2024,2,February,649.95
911,67,101,5,2024-01-12,Natalie,Calhoun,obrienjane@example.net,CA,Laptop,Electronics,899.99,2024,1,January,4499.95
912,95,105,5,2024-03-31,Matthew,Taylor,sararice@example.net,FL,Monitor,Electronics,199.99,2024,3,March,999.95
915,37,105,5,2024-09-24,Derrick,Le,mary86@example.org,NY,Monitor,Electronics,199.99,2024,9,September,999.95
916,131,101,5,2024-01-06,Robert,Butler,uwilliams@example.com,TX,Laptop,Electronics,899.99,2024,1,January,4499.95
917,174,102,5,2024-11-18,Joseph,Fisher,nathaniel71@example.com,TX,Phone,Electronics,699.99,2024,11,November,3499.95
918,65,105,2,2024-01-25,Robert,Lee,jonathanwallace@example.net,NY,Monitor,Electronics,199.99,2024,1,January,399.98
920,7,104,5,2024-06-19,Jacob,Johnson,wilsonjason@example.org,CA,Chair,Furniture,129.99,2024,6,June,649.95
921,116,105,2,2024-01-15,Jesus,Grant,rschmidt@example.net,FL,Monitor,Electronics,199.99,2024,1,January,399.98
923,83,101,5,2024-04-15,Carolyn,Bowers,vegaadam@example.com,CA,Laptop,Electronics,899.99,2024,4,April,4499.95
924,10,104,3,2024-06-14,William,Smith,ericksonwalter@example.org,CA,Chair,Furniture,129.99,2024,6,June,389.97
926,18,105,2,2024-01-31,Donna,Barnes,aphillips@example.com,VA,Monitor,Electronics,199.99,2024,1,January,399.98
928,61,101,1,2024-04-08,David,Parks,mariamyers@example.org,CA,Laptop,Electronics,899.99,2024,4,April,899.99
929,148,104,1,2024-11-04,Wesley,Barber,rodriguezkevin@example.org,FL,Chair,Furniture,129.99,2024,11,November,129.99
930,95,103,5,2024-06-29,Matthew,Taylor,sararice@example.net,FL,Desk,Furniture,299.99,2024,6,June,1499.95
932,91,105,1,2024-05-25,Richard,Woods,josephbutler@example.com,NY,Monitor,Electronics,199.99,2024,5,May,199.99
933,89,104,1,2024-08-31,Barbara,Salas,robertsjulie@example.org,VA,Chair,Furniture,129.99,2024,8,August,129.99
934,32,102,3,2024-02-08,Michelle,Green,cynthia85@example.com,NY,Phone,Electronics,699.99,2024,2,February,2099.9700000000003
935,83,103,4,2024-11-29,Carolyn,Bowers,vegaadam@example.com,CA,Desk,Furniture,299.99,2024,11,November,1199.96
936,101,104,4,2024-09-07,Christian,Goodwin,finleychristopher@example.com,FL,Chair,Furniture,129.99,2024,9,September,519.96
937,118,103,5,2024-08-13,Marcus,Goodwin,brandy72@example.com,FL,Desk,Furniture,299.99,2024,8,August,1499.95
938,134,101,1,2024-04-16,Priscilla,Wilson,smithjennifer@example.com,VA,Laptop,Electronics,899.99,2024,4,April,899.99
939,59,103,2,2024-05-19,Anthony,Jones,lbartlett@example.net,FL,Desk,Furniture,299.99,2024,5,May,599.98
940,179,102,4,2024-01-17,Eric,King,rjackson@example.com,CA,Phone,Electronics,699.99,2024,1,January,2799.96
941,142,102,2,2024-07-28,Lauren,Johnson,todd83@example.net,CA,Phone,Electronics,699.99,2024,7,July,1399.98
942,59,104,1,2024-08-15,Anthony,Jones,lbartlett@example.net,FL,Chair,Furniture,129.99,2024,8,August,129.99
943,87,103,3,2024-09-13,Shane,Schwartz,zcollins@example.org,TX,Desk,Furniture,299.99,2024,9,September,899.97
944,178,101,5,2024-06-21,Thomas,Murphy,joshua54@example.com,NY,Laptop,Electronics,899.99,2024,6,June,4499.95
945,113,104,5,2024-11-03,Shelby,Garcia,mindychavez@example.org,VA,Chair,Furniture,129.99,2024,11,November,649.95
946,61,104,5,2024-09-02,David,Parks,mariamyers@example.org,CA,Chair,Furniture,129.99,2024,9,September,649.95
947,182,103,4,2024-04-27,Bruce,Sullivan,williamsandres@example.net,TX,Desk,Furniture,299.99,2024,4,April,1199.96
948,162,103,4,2024-08-25,Melissa,Kelly,patrickbuck@example.net,CA,Desk,Furniture,299.99,2024,8,August,1199.96
949,91,104,5,2024-06-10,Richard,Woods,josephbutler@example.com,NY,Chair,Furniture,129.99,2024,6,June,649.95
950,99,103,2,2024-07-31,Dominic,Green,isaacrice@example.org,TX,Desk,Furniture,299.99,2024,7,July,599.98
951,139,103,5,2024-06-25,David,Schmidt,cynthia19@example.net,FL,Desk,Furniture,299.99,2024,6,June,1499.95
953,61,101,4,2024-05-20,David,Parks,mariamyers@example.org,CA,Laptop,Electronics,899.99,2024,5,May,3599.96
954,39,102,5,2024-05-17,Crystal,Jones,amy75@example.com,CA,Phone,Electronics,699.99,2024,5,May,3499.95
955,125,105,1,2024-06-26,Gabriella,Farrell,ysanford@example.net,NY,Monitor,Electronics,199.99,2024,6,June,199.99
956,21,105,5,2024-07-24,Natasha,Morris,qcochran@example.org,TX,Monitor,Electronics,199.99,2024,7,July,999.95
957,200,101,1,2024-07-26,Zachary,Hodge,stephanie70@example.net,VA,Laptop,Electronics,899.99,2024,7,July,899.99
958,18,104,4,2024-09-04,Donna,Barnes,aphillips@example.com,VA,Chair,Furniture,129.99,2024,9,September,519.96
959,118,102,4,2024-01-26,Marcus,Goodwin,brandy72@example.com,FL,Phone,Electronics,699.99,2024,1,January,2799.96
960,69,102,2,2024-04-25,John,Ortega,jamesdebra@example.com,CA,Phone,Electronics,699.99,2024,4,April,1399.98
961,175,104,2,2024-02-05,Jack,Thomas,petersonnicole@example.org,TX,Chair,Furniture,129.99,2024,2,February,259.98
962,166,101,4,2024-10-21,Matthew,Brennan,xjames@example.org,FL,Laptop,Electronics,899.99,2024,10,October,3599.96
963,196,104,5,2024-06-13,James,Newton,annataylor@example.net,VA,Chair,Furniture,129.99,2024,6,June,649.95
964,2,102,1,2024-07-04,Chad,Harrison,kenneth20@example.net,TX,Phone,Electronics,699.99,2024,7,July,699.99
965,93,102,4,2024-06-17,Sean,Baker,zerickson@example.net,FL,Phone,Electronics,699.99,2024,6,June,2799.96
967,139,105,2,2024-12-13,David,Schmidt,cynthia19@example.net,FL,Monitor,Electronics,199.99,2024,12,December,399.98
968,99,103,2,2024-11-08,Dominic,Green,isaacrice@example.org,TX,Desk,Furniture,299.99,2024,11,November,599.98
969,168,102,4,2024-09-08,Cindy,Leonard,brendan61@example.com,NY,Phone,Electronics,699.99,2024,9,September,2799.96
970,72,104,3,2024-05-02,Travis,Shaw,jennaanderson@example.org,CA,Chair,Furniture,129.99,2024,5,May,389.97
971,11,104,3,2024-03-10,Melissa,Bradley,lmullen@example.org,CA,Chair,Furniture,129.99,2024,3,March,389.97
972,123,103,5,2024-08-21,Amber,Klein,qblackburn@example.com,CA,Desk,Furniture,299.99,2024,8,August,1499.95
973,80,103,3,2024-08-12,Kelly,Murray,mariabeck@example.net,FL,Desk,Furniture,299.99,2024,8,August,899.97
974,8,105,3,2024-06-13,Donna,Hunter,sparker@example.org,CA,Monitor,Electronics,199.99,2024,6,June,599.97
975,170,105,1,2024-07-06,Scott,Higgins,ypope@example.net,VA,Monitor,Electronics,199.99,2024,7,July,199.99
976,156,104,2,2024-02-07,Amanda,Bradley,briggstammy@example.com,CA,Chair,Furniture,129.99,2024,2,February,259.98
977,157,101,4,2024-02-21,Kathleen,Figueroa,raymond57@example.com,FL,Laptop,Electronics,899.99,2024,2,February,3599.96
978,140,103,4,2024-07-23,Lisa,Ross,matthewsashley@example.org,CA,Desk,Furniture,299.99,2024,7,July,1199.96
979,24,101,5,2024-07-06,William,Wright,garrett16@example.net,TX,Laptop,Electronics,899.99,2024,7,July,4499.95
980,30,102,4,2024-01-22,Gerald,Smith,anita08@example.net,FL,Phone,Electronics,699.99,2024,1,January,2799.96
981,124,102,2,2024-10-20,Deanna,Phillips,gabriellabond@example.net,TX,Phone,Electronics,699.99,2024,10,October,1399.98
982,135,105,1,2024-08-18,Lydia,Phillips,ashley37@example.com,CA,Monitor,Electronics,199.99,2024,8,August,199.99
983,148,105,4,2024-07-25,Wesley,Barber,rodriguezkevin@example.org,FL,Monitor,Electronics,199.99,2024,7,July,799.96
984,5,101,4,2024-01-04,Amy,Sims,harrisleslie@example.org,TX,Laptop,Electronics,899.99,2024,1,January,3599.96
985,72,105,5,2024-08-13,Travis,Shaw,jennaanderson@example.org,CA,Monitor,Electronics,199.99,2024,8,August,999.95
986,168,101,1,2024-05-06,Cindy,Leonard,brendan61@example.com,NY,Laptop,Electronics,899.99,2024,5,May,899.99
987,106,101,5,2024-03-07,Kyle,Pitts,kathryn24@example.org,NY,Laptop,Electronics,899.99,2024,3,March,4499.95
988,157,102,3,2024-02-11,Kathleen,Figueroa,raymond57@example.com,FL,Phone,Electronics,699.99,2024,2,February,2099.9700000000003
989,6,104,5,2024-07-14,James,Williams,anthony43@example.com,NY,Chair,Furniture,129.99,2024,7,July,649.95
991,188,101,3,2024-12-24,Sally,Ramsey,lhughes@example.org,VA,Laptop,Electronics,899.99,2024,12,December,2699.9700000000003
992,149,101,4,2024-12-17,Gary,Foley,joshua55@example.net,FL,Laptop,Electronics,899.99,2024,12,December,3599.96
993,146,104,3,2024-07-08,Stephen,Bright,rowlandnicole@example.org,CA,Chair,Furniture,129.99,2024,7,July,389.97
994,200,102,5,2024-05-06,Zachary,Hodge,stephanie70@example.net,VA,Phone,Electronics,699.99,2024,5,May,3499.95
995,133,103,2,2024-05-26,Sherry,Williams,clintonwarren@example.net,NY,Desk,Furniture,299.99,2024,5,May,599.98
996,103,102,3,2024-10-08,Donna,Cox,don19@example.com,VA,Phone,Electronics,699.99,2024,10,October,2099.9700000000003
997,92,101,4,2024-10-23,Elizabeth,Wood,djenkins@example.org,CA,Laptop,Electronics,899.99,2024,10,October,3599.96
998,180,102,1,2024-06-21,Charles,Bonilla,janice57@example.com,TX,Phone,Electronics,699.99,2024,6,June,699.99
999,140,104,1,2024-08-28,Lisa,Ross,matthewsashley@example.org,CA,Chair,Furniture,129.99,2024,8,August,129.99
1000,179,104,4,2024-03-13,Eric,King,rjackson@example.com,CA,Chair,Furniture,129.99,2024,3,March,519.96
